id,origem,destino,tipo,comprimento_m,status,circuito
4548,10031,10041,segmento_mt,34.14,ativo,1_SFOR_1
4549,10041,71812,segmento_mt,30.6,ativo,1_SFOR_1
4990,10101,10121,segmento_mt,55.31,ativo,1_SFOR_1
291,10121,10141,segmento_mt,29.89,ativo,1_SFOR_1
278,10141,10151,segmento_mt,23.08,ativo,1_SFOR_1
277,10151,17951,segmento_mt,25.96,ativo,1_SFOR_1
1315,10211,10221,segmento_mt,33.96,ativo,1_SFOR_1
1314,10221,1CF204,segmento_mt,34.67,ativo,1_SFOR_1
1313,10251,49032,segmento_mt,12.86,ativo,1_SFOR_1
1312,10261,49032,segmento_mt,14.82,ativo,1_SFOR_1
290,10371,1CF205,segmento_mt,38.32,ativo,1_SFOR_1
297,10391,40161,segmento_mt,6.97,ativo,1_SFOR_1
288,10401,10411,segmento_mt,41.24,ativo,1_SFOR_1
287,10411,10421,segmento_mt,39.41,ativo,1_SFOR_1
286,10421,10441,segmento_mt,56.4,ativo,1_SFOR_1
285,10441,1CS207,segmento_mt,46.3,ativo,1_SFOR_1
284,10471,10491,segmento_mt,36.6,ativo,1_SFOR_1
283,10491,10501,segmento_mt,36.16,ativo,1_SFOR_1
282,10501,10511,segmento_mt,39.46,ativo,1_SFOR_1
281,10511,10521,segmento_mt,16.95,ativo,1_SFOR_1
280,10521,10531,segmento_mt,14.52,ativo,1_SFOR_1
279,10531,17731,segmento_mt,29.45,ativo,1_SFOR_1
4367,10541,71361,segmento_mt,10.2,ativo,1_SFOR_1
1263,10551,10561,segmento_mt,41.47,ativo,1_SFOR_1
1262,10561,10571,segmento_mt,32.39,ativo,1_SFOR_1
1261,10571,10591,segmento_mt,50.04,ativo,1_SFOR_1
1260,10581,1CF208,segmento_mt,13.77,ativo,1_SFOR_1
1259,10591,10601,segmento_mt,21.89,ativo,1_SFOR_1
1258,10601,1TA209,segmento_mt,38.16,ativo,1_SFOR_1
4576,10611,72352,segmento_mt,11.27,ativo,1_SFOR_1
1256,10621,12111,segmento_mt,37.68,ativo,1_SFOR_1
1255,12111,12121,segmento_mt,34.74,ativo,1_SFOR_1
4839,12121,76241,segmento_mt,11.63,ativo,1_SFOR_1
1253,12131,12141,segmento_mt,34.34,ativo,1_SFOR_1
1252,12141,12151,segmento_mt,33.24,ativo,1_SFOR_1
1251,12151,49021,segmento_mt,12.04,ativo,1_SFOR_1
1247,12161,49021,segmento_mt,21.41,ativo,1_SFOR_1
1248,12171,1CF211,segmento_mt,30.99,ativo,1_SFOR_1
1249,12181,12171,segmento_mt,23.86,ativo,1_SFOR_1
337,12191,12201,segmento_mt,34.54,ativo,1_SFOR_1
336,12201,8901,segmento_mt,40.81,ativo,1_SFOR_1
346,12221,2661,segmento_mt,24.83,ativo,1_SFOR_1
347,12231,12221,segmento_mt,27.65,ativo,1_SFOR_1
4577,12241,1CS212,segmento_mt,30.9,ativo,1_SFOR_1
4368,12242,71361,segmento_mt,9.91,ativo,1_SFOR_1
349,12251,71361,segmento_mt,24.51,ativo,1_SFOR_1
350,12261,12251,segmento_mt,24.65,ativo,1_SFOR_1
351,12281,1CF228,segmento_mt,36.46,ativo,1_SFOR_1
5642,12341,80631,segmento_mt,19.75,ativo,1_SFOR_1
1280,12683,1CS220,segmento_mt,40.0,ativo,1_SFOR_1
4573,12692,72352,segmento_mt,13.02,ativo,1_SFOR_1
4984,12693,1CF414,segmento_mt,20.56,ativo,1_SFOR_1
4545,12701,72352,segmento_mt,25.71,ativo,1_SFOR_1
1310,12712,1CS218,segmento_mt,36.2,ativo,1_SFOR_1
1309,12722,12712,segmento_mt,43.04,ativo,1_SFOR_1
1308,12732,49032,segmento_mt,27.73,ativo,1_SFOR_1
4899,12951,76241,segmento_mt,24.08,ativo,1_SFOR_1
4900,12961,76241,segmento_mt,10.75,ativo,1_SFOR_1
1246,12971,49021,segmento_mt,10.87,ativo,1_SFOR_1
301,12981,12991,segmento_mt,39.31,ativo,1_SFOR_1
300,12991,13001,segmento_mt,43.18,ativo,1_SFOR_1
299,13001,40161,segmento_mt,11.55,ativo,1_SFOR_1
298,13011,40161,segmento_mt,28.04,ativo,1_SFOR_1
3847,13031,1CF222,segmento_mt,41.37,ativo,1_SFOR_1
3848,13041,13031,segmento_mt,43.65,ativo,1_SFOR_1
3849,13051,13041,segmento_mt,39.05,ativo,1_SFOR_1
4310,131,1_SFOR_1,segmento_mt,13.9,ativo,1_SFOR_1
296,13851,13861,segmento_mt,33.35,ativo,1_SFOR_1
295,13861,13871,segmento_mt,43.47,ativo,1_SFOR_1
4547,13871,10031,segmento_mt,26.52,ativo,1_SFOR_1
4469,13881,13871,segmento_mt,36.84,ativo,1_SFOR_1
293,13891,13881,segmento_mt,31.49,ativo,1_SFOR_1
292,13901,13891,segmento_mt,24.75,ativo,1_SFOR_1
2,141,1_SFOR_1,segmento_mt,11.69,ativo,1_SFOR_1
4781,1721,2571,segmento_mt,31.57,ativo,1_SFOR_1
4782,1731,1721,segmento_mt,35.34,ativo,1_SFOR_1
4784,1741,1CF964,segmento_mt,42.99,ativo,1_SFOR_1
4785,1753,1741,segmento_mt,47.31,ativo,1_SFOR_1
1037,1761,1753,segmento_mt,12.85,ativo,1_SFOR_1
1038,1771,1761,segmento_mt,80.97,ativo,1_SFOR_1
192,17731,35501,segmento_mt,28.84,ativo,1_SFOR_1
136,17741,17751,segmento_mt,32.33,ativo,1_SFOR_1
135,17751,17761,segmento_mt,23.58,ativo,1_SFOR_1
134,17761,17771,segmento_mt,8.67,ativo,1_SFOR_1
133,17771,17861,segmento_mt,25.18,ativo,1_SFOR_1
1043,1781,1CF68,segmento_mt,47.15,ativo,1_SFOR_1
139,17841,1CS374,segmento_mt,40.28,ativo,1_SFOR_1
138,17851,17861,segmento_mt,15.98,ativo,1_SFOR_1
53,17861,17871,segmento_mt,23.29,ativo,1_SFOR_1
52,17871,17881,segmento_mt,22.32,ativo,1_SFOR_1
51,17881,17891,segmento_mt,36.86,ativo,1_SFOR_1
50,17891,17901,segmento_mt,18.35,ativo,1_SFOR_1
49,17901,1CS372,segmento_mt,7.85,ativo,1_SFOR_1
5572,17911,84912,segmento_mt,2.27,ativo,1_SFOR_1
4346,17913,70971,segmento_mt,10.77,ativo,1_SFOR_1
54,17921,1CF373,segmento_mt,22.36,ativo,1_SFOR_1
55,17931,17921,segmento_mt,27.76,ativo,1_SFOR_1
56,17941,17931,segmento_mt,32.02,ativo,1_SFOR_1
57,17951,17941,segmento_mt,25.6,ativo,1_SFOR_1
1044,1801,1781,segmento_mt,52.3,ativo,1_SFOR_1
193,18031,35501,segmento_mt,8.4,ativo,1_SFOR_1
194,18041,35501,segmento_mt,19.96,ativo,1_SFOR_1
195,18051,18041,segmento_mt,35.95,ativo,1_SFOR_1
140,18301,17841,segmento_mt,34.35,ativo,1_SFOR_1
141,18311,18301,segmento_mt,20.88,ativo,1_SFOR_1
203,18321,40101,segmento_mt,28.84,ativo,1_SFOR_1
204,18331,18321,segmento_mt,24.74,ativo,1_SFOR_1
205,18341,18331,segmento_mt,20.44,ativo,1_SFOR_1
206,18351,18341,segmento_mt,27.72,ativo,1_SFOR_1
207,18361,18351,segmento_mt,22.48,ativo,1_SFOR_1
213,18371,19691,segmento_mt,60.35,ativo,1_SFOR_1
214,18381,18371,segmento_mt,67.76,ativo,1_SFOR_1
216,18401,19651,segmento_mt,8.5,ativo,1_SFOR_1
3928,18411,1CS14,segmento_mt,11.13,ativo,1_SFOR_1
158,18421,18411,segmento_mt,58.33,ativo,1_SFOR_1
159,18431,18421,segmento_mt,113.69,ativo,1_SFOR_1
160,18441,18431,segmento_mt,74.35,ativo,1_SFOR_1
162,18511,18441,segmento_mt,142.57,ativo,1_SFOR_1
171,18521,18511,segmento_mt,65.59,ativo,1_SFOR_1
1031,1871,1CF65,segmento_mt,76.14,ativo,1_SFOR_1
1032,1881,1871,segmento_mt,90.38,ativo,1_SFOR_1
1036,1891,1CF66,segmento_mt,13.02,ativo,1_SFOR_1
5683,1901,1881,segmento_mt,57.58,ativo,1_SFOR_1
196,19281,18051,segmento_mt,31.56,ativo,1_SFOR_1
224,19291,40111,segmento_mt,24.07,ativo,1_SFOR_1
198,19301,19291,segmento_mt,36.06,ativo,1_SFOR_1
199,19311,1CF361,segmento_mt,29.85,ativo,1_SFOR_1
4993,19351,19611,segmento_mt,19.35,ativo,1_SFOR_1
4994,19361,19351,segmento_mt,39.03,ativo,1_SFOR_1
4996,19371,76461,segmento_mt,11.89,ativo,1_SFOR_1
4997,19381,76461,segmento_mt,21.71,ativo,1_SFOR_1
4998,19391,19381,segmento_mt,28.89,ativo,1_SFOR_1
221,19401,19681,segmento_mt,37.97,ativo,1_SFOR_1
4999,19402,19391,segmento_mt,29.53,ativo,1_SFOR_1
225,19411,40111,segmento_mt,9.34,ativo,1_SFOR_1
1039,1951,1771,segmento_mt,72.72,ativo,1_SFOR_1
1040,1961,1951,segmento_mt,45.49,ativo,1_SFOR_1
220,19611,19621,segmento_mt,35.62,ativo,1_SFOR_1
219,19621,19631,segmento_mt,34.4,ativo,1_SFOR_1
218,19631,1CF362,segmento_mt,24.83,ativo,1_SFOR_1
208,19641,18361,segmento_mt,30.71,ativo,1_SFOR_1
209,19651,19641,segmento_mt,10.57,ativo,1_SFOR_1
210,19671,1CF363,segmento_mt,50.3,ativo,1_SFOR_1
211,19681,19671,segmento_mt,13.5,ativo,1_SFOR_1
212,19691,19681,segmento_mt,58.99,ativo,1_SFOR_1
1041,1971,1961,segmento_mt,54.41,ativo,1_SFOR_1
1042,1981,1CF987,segmento_mt,17.53,ativo,1_SFOR_1
5400,1991,73051,segmento_mt,12.22,ativo,1_SFOR_1
1CF_1,1CF1,1_SFOR_1,chave_mt,,ativo,1_SFOR_1
1CF_1003,1CF1003,47001,chave_mt,,ativo,1_SFOR_1
1CF_1004,1CF1004,48191,chave_mt,,ativo,1_SFOR_1
1CF_1008,1CF1008,83471,chave_mt,,ativo,1_SFOR_1
1CF_101,1CF101,4781,chave_mt,,ativo,1_SFOR_1
1CF_1011,1CF1011,51181,chave_mt,,ativo,1_SFOR_1
1CF_1012,1CF1012,78881,chave_mt,,ativo,1_SFOR_1
1CF_1014,1CF1014,77301,chave_mt,,ativo,1_SFOR_1
1CF_1017,1CF1017,47011,chave_mt,,ativo,1_SFOR_1
1CF_102,1CF102,4791,chave_mt,,ativo,1_SFOR_1
1CF_1024,1CF1024,80001,chave_mt,,ativo,1_SFOR_1
1CF_1025,1CF1025,80071,chave_mt,,ativo,1_SFOR_1
1CF_1029,1CF1029,80431,chave_mt,,ativo,1_SFOR_1
1CF_103,1CF103,4811,chave_mt,,ativo,1_SFOR_1
1CF_1030,1CF1030,80461,chave_mt,,ativo,1_SFOR_1
1CF_1036,1CF1036,76741,chave_mt,,ativo,1_SFOR_1
1CF_1037,1CF1037,80651,chave_mt,,ativo,1_SFOR_1
1CF_104,1CF104,4831,chave_mt,,ativo,1_SFOR_1
1CF_1049,1CF1049,1991,chave_mt,,ativo,1_SFOR_1
1CF_105,1CF105,4871,chave_mt,,ativo,1_SFOR_1
1CF_1050,1CF1050,4411,chave_mt,,ativo,1_SFOR_1
1CF_1056,1CF1056,3391,chave_mt,,ativo,1_SFOR_1
1CF_1059,1CF1059,83801,chave_mt,,ativo,1_SFOR_1
1CF_1060,1CF1060,83951,chave_mt,,ativo,1_SFOR_1
1CF_1061,1CF1061,84081,chave_mt,,ativo,1_SFOR_1
1CF_1065,1CF1065,84421,chave_mt,,ativo,1_SFOR_1
1CF_1066,1CF1066,84371,chave_mt,,ativo,1_SFOR_1
1CF_1078,1CF1078,85751,chave_mt,,ativo,1_SFOR_1
1CF_1080,1CF1080,84861,chave_mt,,ativo,1_SFOR_1
1CF_1081,1CF1081,84841,chave_mt,,ativo,1_SFOR_1
1CF_1082,1CF1082,84881,chave_mt,,ativo,1_SFOR_1
1CF_1083,1CF1083,84901,chave_mt,,ativo,1_SFOR_1
1CF_1095,1CF1095,12341,chave_mt,,ativo,1_SFOR_1
1CF_1100,1CF1100,76491,chave_mt,,ativo,1_SFOR_1
1CF_1109,1CF1109,87861,chave_mt,,ativo,1_SFOR_1
1CF_111,1CF111,6901,chave_mt,,ativo,1_SFOR_1
1CF_1111,1CF1111,38211,chave_mt,,ativo,1_SFOR_1
1CF_1121,1CF1121,89681,chave_mt,,ativo,1_SFOR_1
1CF_16,1CF16,45291,chave_mt,,ativo,1_SFOR_1
1CF_174,1CF174,48541,chave_mt,,ativo,1_SFOR_1
1CF_175,1CF175,48771,chave_mt,,ativo,1_SFOR_1
1CF_176,1CF176,48811,chave_mt,,ativo,1_SFOR_1
1CF_177,1CF177,48911,chave_mt,,ativo,1_SFOR_1
1CF_178,1CF178,5321,chave_mt,,ativo,1_SFOR_1
1CF_179,1CF179,48501,chave_mt,,ativo,1_SFOR_1
1CF_18,1CF18,84821,chave_mt,,ativo,1_SFOR_1
1CF_180,1CF180,5031,chave_mt,,ativo,1_SFOR_1
1CF_181,1CF181,5691,chave_mt,,ativo,1_SFOR_1
1CF_182,1CF182,5771,chave_mt,,ativo,1_SFOR_1
1CF_183,1CF183,8221,chave_mt,,ativo,1_SFOR_1
1CF_184,1CF184,4801,chave_mt,,ativo,1_SFOR_1
1CF_185,1CF185,8331,chave_mt,,ativo,1_SFOR_1
1CF_186,1CF186,40121,chave_mt,,ativo,1_SFOR_1
1CF_187,1CF187,8721,chave_mt,,ativo,1_SFOR_1
1CF_190,1CF190,8771,chave_mt,,ativo,1_SFOR_1
1CF_191,1CF191,9321,chave_mt,,ativo,1_SFOR_1
1CF_192,1CF192,9031,chave_mt,,ativo,1_SFOR_1
1CF_193,1CF193,9051,chave_mt,,ativo,1_SFOR_1
1CF_194,1CF194,9221,chave_mt,,ativo,1_SFOR_1
1CF_195,1CF195,9401,chave_mt,,ativo,1_SFOR_1
1CF_196,1CF196,66481,chave_mt,,ativo,1_SFOR_1
1CF_204,1CF204,10251,chave_mt,,ativo,1_SFOR_1
1CF_205,1CF205,10391,chave_mt,,ativo,1_SFOR_1
1CF_208,1CF208,10591,chave_mt,,ativo,1_SFOR_1
1CF_211,1CF211,12161,chave_mt,,ativo,1_SFOR_1
1CF_221,1CF221,13051,chave_mt,,ativo,1_SFOR_1
1CF_222,1CF222,13011,chave_mt,,ativo,1_SFOR_1
1CF_228,1CF228,12261,chave_mt,,ativo,1_SFOR_1
1CF_281,1CF281,12683,chave_mt,,ativo,1_SFOR_1
1CF_360,1CF360,19281,chave_mt,,ativo,1_SFOR_1
1CF_361,1CF361,19301,chave_mt,,ativo,1_SFOR_1
1CF_362,1CF362,19641,chave_mt,,ativo,1_SFOR_1
1CF_363,1CF363,19651,chave_mt,,ativo,1_SFOR_1
1CF_364,1CF364,18381,chave_mt,,ativo,1_SFOR_1
1CF_373,1CF373,17901,chave_mt,,ativo,1_SFOR_1
1CF_39,1CF39,321,chave_mt,,ativo,1_SFOR_1
1CF_40,1CF40,341,chave_mt,,ativo,1_SFOR_1
1CF_41,1CF41,411,chave_mt,,ativo,1_SFOR_1
1CF_414,1CF414,10621,chave_mt,,ativo,1_SFOR_1
1CF_42,1CF42,551,chave_mt,,ativo,1_SFOR_1
1CF_43,1CF43,651,chave_mt,,ativo,1_SFOR_1
1CF_44,1CF44,671,chave_mt,,ativo,1_SFOR_1
1CF_446,1CF446,33201,chave_mt,,ativo,1_SFOR_1
1CF_447,1CF447,35441,chave_mt,,ativo,1_SFOR_1
1CF_448,1CF448,35461,chave_mt,,ativo,1_SFOR_1
1CF_449,1CF449,35351,chave_mt,,ativo,1_SFOR_1
1CF_455,1CF455,45391,chave_mt,,ativo,1_SFOR_1
1CF_456,1CF456,45451,chave_mt,,ativo,1_SFOR_1
1CF_458,1CF458,45591,chave_mt,,ativo,1_SFOR_1
1CF_459,1CF459,45931,chave_mt,,ativo,1_SFOR_1
1CF_461,1CF461,79271,chave_mt,,ativo,1_SFOR_1
1CF_462,1CF462,79311,chave_mt,,ativo,1_SFOR_1
1CF_464,1CF464,46631,chave_mt,,ativo,1_SFOR_1
1CF_465,1CF465,46681,chave_mt,,ativo,1_SFOR_1
1CF_466,1CF466,46761,chave_mt,,ativo,1_SFOR_1
1CF_467,1CF467,46861,chave_mt,,ativo,1_SFOR_1
1CF_468,1CF468,46931,chave_mt,,ativo,1_SFOR_1
1CF_469,1CF469,47001,chave_mt,,ativo,1_SFOR_1
1CF_473,1CF473,46201,chave_mt,,ativo,1_SFOR_1
1CF_474,1CF474,46181,chave_mt,,ativo,1_SFOR_1
1CF_475,1CF475,46211,chave_mt,,ativo,1_SFOR_1
1CF_476,1CF476,46281,chave_mt,,ativo,1_SFOR_1
1CF_478,1CF478,46441,chave_mt,,ativo,1_SFOR_1
1CF_479,1CF479,47551,chave_mt,,ativo,1_SFOR_1
1CF_480,1CF480,46511,chave_mt,,ativo,1_SFOR_1
1CF_481,1CF481,46571,chave_mt,,ativo,1_SFOR_1
1CF_482,1CF482,47241,chave_mt,,ativo,1_SFOR_1
1CF_483,1CF483,47321,chave_mt,,ativo,1_SFOR_1
1CF_484,1CF484,73151,chave_mt,,ativo,1_SFOR_1
1CF_485,1CF485,47391,chave_mt,,ativo,1_SFOR_1
1CF_486,1CF486,47451,chave_mt,,ativo,1_SFOR_1
1CF_487,1CF487,47601,chave_mt,,ativo,1_SFOR_1
1CF_488,1CF488,47701,chave_mt,,ativo,1_SFOR_1
1CF_489,1CF489,47801,chave_mt,,ativo,1_SFOR_1
1CF_492,1CF492,48231,chave_mt,,ativo,1_SFOR_1
1CF_493,1CF493,48241,chave_mt,,ativo,1_SFOR_1
1CF_494,1CF494,48341,chave_mt,,ativo,1_SFOR_1
1CF_496,1CF496,48161,chave_mt,,ativo,1_SFOR_1
1CF_497,1CF497,73361,chave_mt,,ativo,1_SFOR_1
1CF_498,1CF498,73411,chave_mt,,ativo,1_SFOR_1
1CF_499,1CF499,73431,chave_mt,,ativo,1_SFOR_1
1CF_500,1CF500,73531,chave_mt,,ativo,1_SFOR_1
1CF_502,1CF502,73371,chave_mt,,ativo,1_SFOR_1
1CF_503,1CF503,49781,chave_mt,,ativo,1_SFOR_1
1CF_504,1CF504,49871,chave_mt,,ativo,1_SFOR_1
1CF_505,1CF505,49791,chave_mt,,ativo,1_SFOR_1
1CF_506,1CF506,49931,chave_mt,,ativo,1_SFOR_1
1CF_508,1CF508,49321,chave_mt,,ativo,1_SFOR_1
1CF_509,1CF509,49291,chave_mt,,ativo,1_SFOR_1
1CF_510,1CF510,49501,chave_mt,,ativo,1_SFOR_1
1CF_511,1CF511,49571,chave_mt,,ativo,1_SFOR_1
1CF_513,1CF513,50931,chave_mt,,ativo,1_SFOR_1
1CF_515,1CF515,51071,chave_mt,,ativo,1_SFOR_1
1CF_516,1CF516,51101,chave_mt,,ativo,1_SFOR_1
1CF_517,1CF517,49991,chave_mt,,ativo,1_SFOR_1
1CF_518,1CF518,51571,chave_mt,,ativo,1_SFOR_1
1CF_519,1CF519,51621,chave_mt,,ativo,1_SFOR_1
1CF_520,1CF520,51641,chave_mt,,ativo,1_SFOR_1
1CF_521,1CF521,51671,chave_mt,,ativo,1_SFOR_1
1CF_522,1CF522,51731,chave_mt,,ativo,1_SFOR_1
1CF_524,1CF524,50641,chave_mt,,ativo,1_SFOR_1
1CF_525,1CF525,50861,chave_mt,,ativo,1_SFOR_1
1CF_526,1CF526,50731,chave_mt,,ativo,1_SFOR_1
1CF_527,1CF527,50801,chave_mt,,ativo,1_SFOR_1
1CF_528,1CF528,78781,chave_mt,,ativo,1_SFOR_1
1CF_529,1CF529,50061,chave_mt,,ativo,1_SFOR_1
1CF_531,1CF531,78831,chave_mt,,ativo,1_SFOR_1
1CF_532,1CF532,51431,chave_mt,,ativo,1_SFOR_1
1CF_533,1CF533,51471,chave_mt,,ativo,1_SFOR_1
1CF_534,1CF534,71551,chave_mt,,ativo,1_SFOR_1
1CF_535,1CF535,71541,chave_mt,,ativo,1_SFOR_1
1CF_536,1CF536,71501,chave_mt,,ativo,1_SFOR_1
1CF_538,1CF538,71561,chave_mt,,ativo,1_SFOR_1
1CF_539,1CF539,71631,chave_mt,,ativo,1_SFOR_1
1CF_540,1CF540,38721,chave_mt,,ativo,1_SFOR_1
1CF_542,1CF542,38811,chave_mt,,ativo,1_SFOR_1
1CF_543,1CF543,72221,chave_mt,,ativo,1_SFOR_1
1CF_544,1CF544,38871,chave_mt,,ativo,1_SFOR_1
1CF_546,1CF546,39051,chave_mt,,ativo,1_SFOR_1
1CF_549,1CF549,39111,chave_mt,,ativo,1_SFOR_1
1CF_551,1CF551,38411,chave_mt,,ativo,1_SFOR_1
1CF_552,1CF552,38311,chave_mt,,ativo,1_SFOR_1
1CF_554,1CF554,38561,chave_mt,,ativo,1_SFOR_1
1CF_555,1CF555,38571,chave_mt,,ativo,1_SFOR_1
1CF_558,1CF558,37301,chave_mt,,ativo,1_SFOR_1
1CF_559,1CF559,37471,chave_mt,,ativo,1_SFOR_1
1CF_560,1CF560,37081,chave_mt,,ativo,1_SFOR_1
1CF_562,1CF562,37121,chave_mt,,ativo,1_SFOR_1
1CF_563,1CF563,37231,chave_mt,,ativo,1_SFOR_1
1CF_564,1CF564,38011,chave_mt,,ativo,1_SFOR_1
1CF_565,1CF565,37841,chave_mt,,ativo,1_SFOR_1
1CF_566,1CF566,37781,chave_mt,,ativo,1_SFOR_1
1CF_567,1CF567,37951,chave_mt,,ativo,1_SFOR_1
1CF_568,1CF568,37821,chave_mt,,ativo,1_SFOR_1
1CF_569,1CF569,37971,chave_mt,,ativo,1_SFOR_1
1CF_570,1CF570,38161,chave_mt,,ativo,1_SFOR_1
1CF_571,1CF571,37641,chave_mt,,ativo,1_SFOR_1
1CF_572,1CF572,37561,chave_mt,,ativo,1_SFOR_1
1CF_573,1CF573,79991,chave_mt,,ativo,1_SFOR_1
1CF_574,1CF574,36751,chave_mt,,ativo,1_SFOR_1
1CF_575,1CF575,80031,chave_mt,,ativo,1_SFOR_1
1CF_577,1CF577,36921,chave_mt,,ativo,1_SFOR_1
1CF_578,1CF578,36981,chave_mt,,ativo,1_SFOR_1
1CF_579,1CF579,37001,chave_mt,,ativo,1_SFOR_1
1CF_633,1CF633,71731,chave_mt,,ativo,1_SFOR_1
1CF_64,1CF64,77201,chave_mt,,ativo,1_SFOR_1
1CF_65,1CF65,1731,chave_mt,,ativo,1_SFOR_1
1CF_656,1CF656,35561,chave_mt,,ativo,1_SFOR_1
1CF_66,1CF66,1881,chave_mt,,ativo,1_SFOR_1
1CF_661,1CF661,36061,chave_mt,,ativo,1_SFOR_1
1CF_662,1CF662,35981,chave_mt,,ativo,1_SFOR_1
1CF_663,1CF663,35821,chave_mt,,ativo,1_SFOR_1
1CF_664,1CF664,35771,chave_mt,,ativo,1_SFOR_1
1CF_665,1CF665,36181,chave_mt,,ativo,1_SFOR_1
1CF_666,1CF666,36231,chave_mt,,ativo,1_SFOR_1
1CF_667,1CF667,36361,chave_mt,,ativo,1_SFOR_1
1CF_668,1CF668,36501,chave_mt,,ativo,1_SFOR_1
1CF_669,1CF669,36591,chave_mt,,ativo,1_SFOR_1
1CF_670,1CF670,36661,chave_mt,,ativo,1_SFOR_1
1CF_671,1CF671,36551,chave_mt,,ativo,1_SFOR_1
1CF_68,1CF68,1753,chave_mt,,ativo,1_SFOR_1
1CF_69,1CF69,1971,chave_mt,,ativo,1_SFOR_1
1CF_70,1CF70,2141,chave_mt,,ativo,1_SFOR_1
1CF_71,1CF71,2171,chave_mt,,ativo,1_SFOR_1
1CF_72,1CF72,2371,chave_mt,,ativo,1_SFOR_1
1CF_74,1CF74,2871,chave_mt,,ativo,1_SFOR_1
1CF_76,1CF76,2972,chave_mt,,ativo,1_SFOR_1
1CF_77,1CF77,3001,chave_mt,,ativo,1_SFOR_1
1CF_78,1CF78,3011,chave_mt,,ativo,1_SFOR_1
1CF_79,1CF79,3031,chave_mt,,ativo,1_SFOR_1
1CF_81,1CF81,3271,chave_mt,,ativo,1_SFOR_1
1CF_82,1CF82,3281,chave_mt,,ativo,1_SFOR_1
1CF_83,1CF83,3401,chave_mt,,ativo,1_SFOR_1
1CF_84,1CF84,3471,chave_mt,,ativo,1_SFOR_1
1CF_85,1CF85,3681,chave_mt,,ativo,1_SFOR_1
1CF_854,1CF854,4051,chave_mt,,ativo,1_SFOR_1
1CF_855,1CF855,69511,chave_mt,,ativo,1_SFOR_1
1CF_86,1CF86,3731,chave_mt,,ativo,1_SFOR_1
1CF_882,1CF882,2591,chave_mt,,ativo,1_SFOR_1
1CF_887,1CF887,71121,chave_mt,,ativo,1_SFOR_1
1CF_897,1CF897,23621,chave_mt,,ativo,1_SFOR_1
1CF_90,1CF90,3991,chave_mt,,ativo,1_SFOR_1
1CF_903,1CF903,38131,chave_mt,,ativo,1_SFOR_1
1CF_91,1CF91,4031,chave_mt,,ativo,1_SFOR_1
1CF_917,1CF917,2511,chave_mt,,ativo,1_SFOR_1
1CF_918,1CF918,72111,chave_mt,,ativo,1_SFOR_1
1CF_92,1CF92,4271,chave_mt,,ativo,1_SFOR_1
1CF_920,1CF920,33201,chave_mt,,ativo,1_SFOR_1
1CF_922,1CF922,72421,chave_mt,,ativo,1_SFOR_1
1CF_923,1CF923,1951,chave_mt,,ativo,1_SFOR_1
1CF_928,1CF928,76511,chave_mt,,ativo,1_SFOR_1
1CF_935,1CF935,73811,chave_mt,,ativo,1_SFOR_1
1CF_94,1CF94,4401,chave_mt,,ativo,1_SFOR_1
1CF_940,1CF940,35491,chave_mt,,ativo,1_SFOR_1
1CF_942,1CF942,73071,chave_mt,,ativo,1_SFOR_1
1CF_945,1CF945,74271,chave_mt,,ativo,1_SFOR_1
1CF_95,1CF95,4491,chave_mt,,ativo,1_SFOR_1
1CF_951,1CF951,8251,chave_mt,,ativo,1_SFOR_1
1CF_961,1CF961,75331,chave_mt,,ativo,1_SFOR_1
1CF_964,1CF964,75411,chave_mt,,ativo,1_SFOR_1
1CF_965,1CF965,46161,chave_mt,,ativo,1_SFOR_1
1CF_966,1CF966,75801,chave_mt,,ativo,1_SFOR_1
1CF_967,1CF967,39001,chave_mt,,ativo,1_SFOR_1
1CF_970,1CF970,39011,chave_mt,,ativo,1_SFOR_1
1CF_971,1CF971,5371,chave_mt,,ativo,1_SFOR_1
1CF_977,1CF977,76541,chave_mt,,ativo,1_SFOR_1
1CF_981,1CF981,50571,chave_mt,,ativo,1_SFOR_1
1CF_982,1CF982,50561,chave_mt,,ativo,1_SFOR_1
1CF_987,1CF987,72981,chave_mt,,ativo,1_SFOR_1
1CF_988,1CF988,4291,chave_mt,,ativo,1_SFOR_1
1CF_989,1CF989,73561,chave_mt,,ativo,1_SFOR_1
1CF_990,1CF990,45141,chave_mt,,ativo,1_SFOR_1
1CF_991,1CF991,45221,chave_mt,,ativo,1_SFOR_1
1CF_995,1CF995,77741,chave_mt,,ativo,1_SFOR_1
1CF_996,1CF996,77951,chave_mt,,ativo,1_SFOR_1
1CF_998,1CF998,78041,chave_mt,,ativo,1_SFOR_1
1CO_366,1CO366,18521,chave_mt,,ativo,1_SFOR_1
1CS_1062,1CS1062,5472,chave_mt,,ativo,1_SFOR_1
1CS_1069,1CS1069,84841,chave_mt,,ativo,1_SFOR_1
1CS_1070,1CS1070,84881,chave_mt,,ativo,1_SFOR_1
1CS_110,1CS110,6651,chave_mt,,ativo,1_SFOR_1
1CS_14,1CS14,68851,chave_mt,,ativo,1_SFOR_1
1CS_17,1CS17,68821,chave_mt,,ativo,1_SFOR_1
1CS_188,1CS188,8801,chave_mt,,ativo,1_SFOR_1
1CS_189,1CS189,8821,chave_mt,,ativo,1_SFOR_1
1CS_207,1CS207,10471,chave_mt,,ativo,1_SFOR_1
1CS_21,1CS21,38781,chave_mt,,ativo,1_SFOR_1
1CS_212,1CS212,12191,chave_mt,,ativo,1_SFOR_1
1CS_218,1CS218,71391,chave_mt,,ativo,1_SFOR_1
1CS_220,1CS220,12692,chave_mt,,ativo,1_SFOR_1
1CS_371,1CS371,141,chave_mt,,ativo,1_SFOR_1
1CS_372,1CS372,17911,chave_mt,,ativo,1_SFOR_1
1CS_374,1CS374,17851,chave_mt,,ativo,1_SFOR_1
1CS_463,1CS463,46611,chave_mt,,ativo,1_SFOR_1
1CS_470,1CS470,79432,chave_mt,,ativo,1_SFOR_1
1CS_471,1CS471,47081,chave_mt,,ativo,1_SFOR_1
1CS_472,1CS472,47081,chave_mt,,ativo,1_SFOR_1
1CS_490,1CS490,73141,chave_mt,,ativo,1_SFOR_1
1CS_507,1CS507,51811,chave_mt,,ativo,1_SFOR_1
1CS_514,1CS514,51051,chave_mt,,ativo,1_SFOR_1
1CS_545,1CS545,38901,chave_mt,,ativo,1_SFOR_1
1CS_547,1CS547,39091,chave_mt,,ativo,1_SFOR_1
1CS_561,1CS561,37121,chave_mt,,ativo,1_SFOR_1
1CS_73,1CS73,2862,chave_mt,,ativo,1_SFOR_1
1CS_75,1CS75,2911,chave_mt,,ativo,1_SFOR_1
1CS_87,1CS87,3741,chave_mt,,ativo,1_SFOR_1
1CS_873,1CS873,131,chave_mt,,ativo,1_SFOR_1
1CS_89,1CS89,3851,chave_mt,,ativo,1_SFOR_1
1CS_929,1CS929,73451,chave_mt,,ativo,1_SFOR_1
1CS_968,1CS968,5332,chave_mt,,ativo,1_SFOR_1
1CS_969,1CS969,5441,chave_mt,,ativo,1_SFOR_1
1CS_973,1CS973,71291,chave_mt,,ativo,1_SFOR_1
1FR_1033,1FR1033,38701,chave_mt,,ativo,1_SFOR_1
1FR_1038,1FR1038,18371,chave_mt,,ativo,1_SFOR_1
1FR_477,1FR477,46371,chave_mt,,ativo,1_SFOR_1
1FR_523,1FR523,50601,chave_mt,,ativo,1_SFOR_1
1FR_557,1FR557,37261,chave_mt,,ativo,1_SFOR_1
1FR_857,1FR857,45261,chave_mt,,ativo,1_SFOR_1
1RL_974,1RL974,84831,chave_mt,,ativo,1_SFOR_1
1RL_975,1RL975,84851,chave_mt,,ativo,1_SFOR_1
1RL_976,1RL976,84891,chave_mt,,ativo,1_SFOR_1
1TA_209,1TA209,10611,chave_mt,,ativo,1_SFOR_1
1TA_210,1TA210,10621,chave_mt,,ativo,1_SFOR_1
1TA_88,1TA88,3821,chave_mt,,ativo,1_SFOR_1
943,211,3511,segmento_mt,71.34,ativo,1_SFOR_1
340,2141,40191,segmento_mt,20.77,ativo,1_SFOR_1
342,2151,1CF70,segmento_mt,32.44,ativo,1_SFOR_1
343,2161,2151,segmento_mt,30.63,ativo,1_SFOR_1
344,2171,2161,segmento_mt,33.32,ativo,1_SFOR_1
345,2211,1CF71,segmento_mt,26.65,ativo,1_SFOR_1
944,231,211,segmento_mt,40.44,ativo,1_SFOR_1
822,23601,40431,segmento_mt,9.16,ativo,1_SFOR_1
1017,2361,1CF72,segmento_mt,20.58,ativo,1_SFOR_1
821,23621,23601,segmento_mt,35.1,ativo,1_SFOR_1
1016,2371,2391,segmento_mt,43.82,ativo,1_SFOR_1
1014,2391,3681,segmento_mt,31.47,ativo,1_SFOR_1
1018,2461,2361,segmento_mt,38.34,ativo,1_SFOR_1
1019,2481,2461,segmento_mt,51.67,ativo,1_SFOR_1
4751,2492,2481,segmento_mt,27.88,ativo,1_SFOR_1
4769,2501,2492,segmento_mt,26.72,ativo,1_SFOR_1
958,251,231,segmento_mt,82.3,ativo,1_SFOR_1
4770,2511,2501,segmento_mt,35.62,ativo,1_SFOR_1
4771,2521,2511,segmento_mt,44.75,ativo,1_SFOR_1
4773,2531,75371,segmento_mt,40.83,ativo,1_SFOR_1
4774,2541,2531,segmento_mt,42.34,ativo,1_SFOR_1
4775,2551,2541,segmento_mt,18.76,ativo,1_SFOR_1
4779,2561,75401,segmento_mt,36.78,ativo,1_SFOR_1
4786,2571,75751,segmento_mt,31.98,ativo,1_SFOR_1
4353,2581,4251,segmento_mt,36.8,ativo,1_SFOR_1
4354,2591,2581,segmento_mt,30.0,ativo,1_SFOR_1
4355,2641,1CF882,segmento_mt,17.57,ativo,1_SFOR_1
4578,2661,40191,segmento_mt,15.64,ativo,1_SFOR_1
339,2671,40191,segmento_mt,10.54,ativo,1_SFOR_1
1265,2862,10541,segmento_mt,37.54,ativo,1_SFOR_1
1013,2871,1CS73,segmento_mt,31.98,ativo,1_SFOR_1
1012,2881,2871,segmento_mt,27.36,ativo,1_SFOR_1
1011,2891,2881,segmento_mt,32.5,ativo,1_SFOR_1
1010,2901,2891,segmento_mt,37.52,ativo,1_SFOR_1
1007,2911,40521,segmento_mt,8.13,ativo,1_SFOR_1
1008,2921,1CS75,segmento_mt,20.43,ativo,1_SFOR_1
1009,2931,2921,segmento_mt,23.5,ativo,1_SFOR_1
1050,2941,2931,segmento_mt,23.18,ativo,1_SFOR_1
1051,2951,2941,segmento_mt,17.03,ativo,1_SFOR_1
5875,2961,2951,segmento_mt,43.68,ativo,1_SFOR_1
5876,2972,2961,segmento_mt,37.45,ativo,1_SFOR_1
1054,2991,2972,segmento_mt,47.03,ativo,1_SFOR_1
1055,3001,2991,segmento_mt,41.6,ativo,1_SFOR_1
1056,3011,3001,segmento_mt,43.29,ativo,1_SFOR_1
1069,3021,1CF78,segmento_mt,48.5,ativo,1_SFOR_1
1070,3031,3021,segmento_mt,58.4,ativo,1_SFOR_1
1077,3041,1CF79,segmento_mt,24.73,ativo,1_SFOR_1
1071,3051,3031,segmento_mt,52.18,ativo,1_SFOR_1
1072,3061,3051,segmento_mt,42.0,ativo,1_SFOR_1
1073,3071,3061,segmento_mt,14.87,ativo,1_SFOR_1
1074,3081,3071,segmento_mt,56.41,ativo,1_SFOR_1
1075,3101,3081,segmento_mt,27.51,ativo,1_SFOR_1
947,321,251,segmento_mt,33.73,ativo,1_SFOR_1
987,3241,3251,segmento_mt,17.02,ativo,1_SFOR_1
986,3251,3261,segmento_mt,33.42,ativo,1_SFOR_1
985,3261,1CF81,segmento_mt,27.57,ativo,1_SFOR_1
984,3271,40511,segmento_mt,26.95,ativo,1_SFOR_1
981,3281,40511,segmento_mt,11.49,ativo,1_SFOR_1
982,3291,1CF82,segmento_mt,22.89,ativo,1_SFOR_1
983,3301,3291,segmento_mt,16.08,ativo,1_SFOR_1
957,331,1CF39,segmento_mt,24.96,ativo,1_SFOR_1
5368,33141,81571,segmento_mt,58.37,ativo,1_SFOR_1
173,33151,33141,segmento_mt,71.37,ativo,1_SFOR_1
174,33161,33151,segmento_mt,72.39,ativo,1_SFOR_1
175,33171,33161,segmento_mt,69.06,ativo,1_SFOR_1
176,33181,33171,segmento_mt,49.68,ativo,1_SFOR_1
3885,33191,1CF446,segmento_mt,8.62,ativo,1_SFOR_1
177,33201,33181,segmento_mt,52.3,ativo,1_SFOR_1
178,33211,33201,segmento_mt,61.2,ativo,1_SFOR_1
5466,3361,1CF1056,segmento_mt,54.34,ativo,1_SFOR_1
927,3391,40491,segmento_mt,25.98,ativo,1_SFOR_1
928,3401,40491,segmento_mt,15.34,ativo,1_SFOR_1
948,341,321,segmento_mt,44.67,ativo,1_SFOR_1
929,3411,1CF83,segmento_mt,31.72,ativo,1_SFOR_1
933,3421,40501,segmento_mt,27.44,ativo,1_SFOR_1
4707,3431,74611,segmento_mt,24.07,ativo,1_SFOR_1
932,3441,3431,segmento_mt,33.01,ativo,1_SFOR_1
4233,3461,69181,segmento_mt,57.95,ativo,1_SFOR_1
939,3471,3461,segmento_mt,30.09,ativo,1_SFOR_1
942,3481,1CF84,segmento_mt,16.28,ativo,1_SFOR_1
940,3491,3471,segmento_mt,34.93,ativo,1_SFOR_1
949,351,1CF40,segmento_mt,26.32,ativo,1_SFOR_1
941,3511,3491,segmento_mt,72.52,ativo,1_SFOR_1
1049,3521,3531,segmento_mt,45.47,ativo,1_SFOR_1
1048,3531,3541,segmento_mt,28.14,ativo,1_SFOR_1
179,35321,33211,segmento_mt,65.69,ativo,1_SFOR_1
187,35341,35321,segmento_mt,71.22,ativo,1_SFOR_1
188,35351,35341,segmento_mt,15.31,ativo,1_SFOR_1
4746,35361,35351,segmento_mt,28.0,ativo,1_SFOR_1
189,35371,1CF449,segmento_mt,31.36,ativo,1_SFOR_1
190,35381,35371,segmento_mt,29.17,ativo,1_SFOR_1
191,35391,35381,segmento_mt,18.4,ativo,1_SFOR_1
180,35401,35321,segmento_mt,67.06,ativo,1_SFOR_1
1047,3541,3551,segmento_mt,21.09,ativo,1_SFOR_1
181,35411,35401,segmento_mt,59.36,ativo,1_SFOR_1
182,35421,35411,segmento_mt,64.3,ativo,1_SFOR_1
5792,35431,1CF447,segmento_mt,4.24,ativo,1_SFOR_1
5793,35441,87861,segmento_mt,19.99,ativo,1_SFOR_1
185,35451,1CF448,segmento_mt,10.62,ativo,1_SFOR_1
184,35461,35441,segmento_mt,13.38,ativo,1_SFOR_1
4667,35471,35461,segmento_mt,46.13,ativo,1_SFOR_1
4668,35481,35471,segmento_mt,32.19,ativo,1_SFOR_1
4669,35491,35481,segmento_mt,48.43,ativo,1_SFOR_1
137,35501,17741,segmento_mt,16.81,ativo,1_SFOR_1
1046,3551,3561,segmento_mt,20.55,ativo,1_SFOR_1
1235,35511,1CF178,segmento_mt,89.77,ativo,1_SFOR_1
1236,35521,35511,segmento_mt,89.21,ativo,1_SFOR_1
1237,35531,35521,segmento_mt,49.15,ativo,1_SFOR_1
1238,35541,35531,segmento_mt,57.06,ativo,1_SFOR_1
1239,35551,35541,segmento_mt,107.56,ativo,1_SFOR_1
1240,35561,35551,segmento_mt,75.37,ativo,1_SFOR_1
1241,35571,1CF656,segmento_mt,17.57,ativo,1_SFOR_1
1045,3561,1CF74,segmento_mt,13.74,ativo,1_SFOR_1
2171,35761,1CF664,segmento_mt,27.85,ativo,1_SFOR_1
2170,35771,35781,segmento_mt,59.38,ativo,1_SFOR_1
2169,35781,35791,segmento_mt,84.63,ativo,1_SFOR_1
2168,35791,35801,segmento_mt,97.73,ativo,1_SFOR_1
2167,35801,35951,segmento_mt,386.79,ativo,1_SFOR_1
2173,35821,35861,segmento_mt,162.2,ativo,1_SFOR_1
4349,35831,35841,segmento_mt,75.5,ativo,1_SFOR_1
4348,35841,35851,segmento_mt,68.0,ativo,1_SFOR_1
4347,35851,1CF663,segmento_mt,59.0,ativo,1_SFOR_1
2172,35861,35871,segmento_mt,77.17,ativo,1_SFOR_1
2158,35871,35961,segmento_mt,435.06,ativo,1_SFOR_1
2159,35881,35871,segmento_mt,81.15,ativo,1_SFOR_1
2160,35891,35881,segmento_mt,78.0,ativo,1_SFOR_1
2161,35901,35891,segmento_mt,115.3,ativo,1_SFOR_1
2162,35911,35901,segmento_mt,68.5,ativo,1_SFOR_1
2163,35921,35911,segmento_mt,125.5,ativo,1_SFOR_1
2165,35941,35921,segmento_mt,121.86,ativo,1_SFOR_1
2166,35951,35941,segmento_mt,50.95,ativo,1_SFOR_1
2157,35961,35971,segmento_mt,27.17,ativo,1_SFOR_1
2156,35971,1CF662,segmento_mt,104.8,ativo,1_SFOR_1
2155,35981,36011,segmento_mt,92.96,ativo,1_SFOR_1
2153,35991,36011,segmento_mt,145.84,ativo,1_SFOR_1
2154,36001,35991,segmento_mt,119.39,ativo,1_SFOR_1
2152,36011,36031,segmento_mt,82.11,ativo,1_SFOR_1
2151,36031,36041,segmento_mt,71.09,ativo,1_SFOR_1
2150,36041,36051,segmento_mt,136.52,ativo,1_SFOR_1
5199,36051,36061,segmento_mt,17.55,ativo,1_SFOR_1
2147,36061,36161,segmento_mt,160.9,ativo,1_SFOR_1
2148,36071,1CF661,segmento_mt,26.35,ativo,1_SFOR_1
950,361,351,segmento_mt,51.93,ativo,1_SFOR_1
5195,36131,1FR1038,segmento_mt,66.0,ativo,1_SFOR_1
5196,36141,36131,segmento_mt,83.25,ativo,1_SFOR_1
5197,36151,36141,segmento_mt,56.88,ativo,1_SFOR_1
5198,36161,36151,segmento_mt,44.71,ativo,1_SFOR_1
2175,36171,36001,segmento_mt,145.33,ativo,1_SFOR_1
2176,36181,36171,segmento_mt,158.21,ativo,1_SFOR_1
2185,36191,1CF665,segmento_mt,48.89,ativo,1_SFOR_1
2177,36201,36181,segmento_mt,94.24,ativo,1_SFOR_1
2178,36211,36201,segmento_mt,92.06,ativo,1_SFOR_1
2179,36221,36211,segmento_mt,187.33,ativo,1_SFOR_1
5498,36231,83941,segmento_mt,79.99,ativo,1_SFOR_1
2181,36241,1CF666,segmento_mt,60.79,ativo,1_SFOR_1
2182,36351,36181,segmento_mt,120.85,ativo,1_SFOR_1
2183,36361,36351,segmento_mt,111.49,ativo,1_SFOR_1
2184,36371,1CF667,segmento_mt,14.03,ativo,1_SFOR_1
2186,36501,36191,segmento_mt,145.98,ativo,1_SFOR_1
2187,36511,36501,segmento_mt,68.71,ativo,1_SFOR_1
2197,36512,1CF668,segmento_mt,68.71,ativo,1_SFOR_1
2188,36521,36511,segmento_mt,56.86,ativo,1_SFOR_1
2198,36522,36512,segmento_mt,56.86,ativo,1_SFOR_1
2199,36531,36522,segmento_mt,98.03,ativo,1_SFOR_1
2200,36541,36531,segmento_mt,65.02,ativo,1_SFOR_1
2203,36551,36571,segmento_mt,94.27,ativo,1_SFOR_1
2204,36561,1CF671,segmento_mt,24.0,ativo,1_SFOR_1
2202,36571,36581,segmento_mt,97.78,ativo,1_SFOR_1
2201,36581,36541,segmento_mt,177.7,ativo,1_SFOR_1
2189,36591,36521,segmento_mt,140.15,ativo,1_SFOR_1
2196,36601,1CF669,segmento_mt,28.85,ativo,1_SFOR_1
2190,36611,36591,segmento_mt,171.76,ativo,1_SFOR_1
2191,36621,36611,segmento_mt,41.61,ativo,1_SFOR_1
2192,36641,36621,segmento_mt,208.18,ativo,1_SFOR_1
2193,36651,36641,segmento_mt,46.24,ativo,1_SFOR_1
2194,36661,36651,segmento_mt,47.85,ativo,1_SFOR_1
2195,36671,1CF670,segmento_mt,16.62,ativo,1_SFOR_1
1015,3671,1CF85,segmento_mt,10.95,ativo,1_SFOR_1
5275,36721,80001,segmento_mt,32.18,ativo,1_SFOR_1
1937,36751,1CF573,segmento_mt,49.12,ativo,1_SFOR_1
1940,36761,1CF574,segmento_mt,20.56,ativo,1_SFOR_1
1938,36771,36751,segmento_mt,80.97,ativo,1_SFOR_1
1939,36781,36771,segmento_mt,71.22,ativo,1_SFOR_1
1002,3681,3691,segmento_mt,25.16,ativo,1_SFOR_1
1920,36831,80061,segmento_mt,34.67,ativo,1_SFOR_1
1921,36841,36831,segmento_mt,15.97,ativo,1_SFOR_1
5517,36861,84411,segmento_mt,72.95,ativo,1_SFOR_1
1924,36881,36861,segmento_mt,66.33,ativo,1_SFOR_1
1925,36891,36881,segmento_mt,89.34,ativo,1_SFOR_1
1926,36901,36891,segmento_mt,70.62,ativo,1_SFOR_1
1001,3691,3701,segmento_mt,27.57,ativo,1_SFOR_1
1927,36921,36901,segmento_mt,144.18,ativo,1_SFOR_1
1935,36931,1CF577,segmento_mt,20.24,ativo,1_SFOR_1
1928,36951,36921,segmento_mt,104.02,ativo,1_SFOR_1
1929,36961,36951,segmento_mt,66.58,ativo,1_SFOR_1
1930,36971,36961,segmento_mt,106.53,ativo,1_SFOR_1
1931,36981,36971,segmento_mt,86.48,ativo,1_SFOR_1
1932,37001,1CF578,segmento_mt,41.97,ativo,1_SFOR_1
1000,3701,3711,segmento_mt,26.2,ativo,1_SFOR_1
1933,37011,1CF579,segmento_mt,54.22,ativo,1_SFOR_1
2017,37051,37471,segmento_mt,180.82,ativo,1_SFOR_1
2018,37061,37051,segmento_mt,223.63,ativo,1_SFOR_1
2019,37071,37061,segmento_mt,143.51,ativo,1_SFOR_1
2020,37081,37071,segmento_mt,114.62,ativo,1_SFOR_1
2032,37091,1CF560,segmento_mt,148.56,ativo,1_SFOR_1
951,371,361,segmento_mt,48.22,ativo,1_SFOR_1
2033,37101,37091,segmento_mt,144.03,ativo,1_SFOR_1
999,3711,3721,segmento_mt,31.48,ativo,1_SFOR_1
2034,37111,37101,segmento_mt,79.72,ativo,1_SFOR_1
2021,37121,37081,segmento_mt,73.56,ativo,1_SFOR_1
2022,37131,1CS561,segmento_mt,60.89,ativo,1_SFOR_1
5024,37141,1CF562,segmento_mt,64.93,ativo,1_SFOR_1
2023,37151,37131,segmento_mt,116.8,ativo,1_SFOR_1
5025,37161,37141,segmento_mt,88.75,ativo,1_SFOR_1
5026,37171,37161,segmento_mt,88.83,ativo,1_SFOR_1
5027,37181,37171,segmento_mt,260.49,ativo,1_SFOR_1
5028,37191,37181,segmento_mt,184.62,ativo,1_SFOR_1
998,3721,1CF86,segmento_mt,30.83,ativo,1_SFOR_1
5029,37211,37191,segmento_mt,129.03,ativo,1_SFOR_1
2030,37221,37211,segmento_mt,151.61,ativo,1_SFOR_1
5030,37231,37221,segmento_mt,148.01,ativo,1_SFOR_1
2031,37241,1CF563,segmento_mt,13.12,ativo,1_SFOR_1
1990,37251,38251,segmento_mt,77.44,ativo,1_SFOR_1
2010,37261,37251,segmento_mt,80.58,ativo,1_SFOR_1
2011,37291,1FR557,segmento_mt,94.52,ativo,1_SFOR_1
2012,37301,37291,segmento_mt,76.62,ativo,1_SFOR_1
1005,3731,40521,segmento_mt,12.97,ativo,1_SFOR_1
5669,37331,85751,segmento_mt,128.06,ativo,1_SFOR_1
2037,37341,37331,segmento_mt,26.8,ativo,1_SFOR_1
997,3741,40521,segmento_mt,16.32,ativo,1_SFOR_1
2013,37421,37301,segmento_mt,126.92,ativo,1_SFOR_1
2014,37431,37421,segmento_mt,112.98,ativo,1_SFOR_1
2035,37441,1CF559,segmento_mt,16.89,ativo,1_SFOR_1
2016,37471,37491,segmento_mt,131.8,ativo,1_SFOR_1
2015,37491,37431,segmento_mt,132.98,ativo,1_SFOR_1
996,3751,1CS87,segmento_mt,19.28,ativo,1_SFOR_1
5686,37551,1CF572,segmento_mt,8.37,ativo,1_SFOR_1
2087,37561,37601,segmento_mt,79.17,ativo,1_SFOR_1
2086,37601,37611,segmento_mt,65.05,ativo,1_SFOR_1
995,3761,3751,segmento_mt,20.39,ativo,1_SFOR_1
2085,37611,37621,segmento_mt,220.25,ativo,1_SFOR_1
2084,37621,37651,segmento_mt,46.15,ativo,1_SFOR_1
2083,37631,1CF571,segmento_mt,9.55,ativo,1_SFOR_1
5087,37641,37651,segmento_mt,48.22,ativo,1_SFOR_1
2081,37651,37731,segmento_mt,232.47,ativo,1_SFOR_1
994,3771,3761,segmento_mt,19.58,ativo,1_SFOR_1
2080,37731,37741,segmento_mt,82.88,ativo,1_SFOR_1
2079,37741,37861,segmento_mt,227.26,ativo,1_SFOR_1
2058,37751,38151,segmento_mt,108.34,ativo,1_SFOR_1
5984,37761,37751,segmento_mt,143.85,ativo,1_SFOR_1
2061,37771,37761,segmento_mt,62.22,ativo,1_SFOR_1
2060,37781,37761,segmento_mt,154.4,ativo,1_SFOR_1
2072,37791,1CF566,segmento_mt,12.69,ativo,1_SFOR_1
2073,37801,37791,segmento_mt,36.24,ativo,1_SFOR_1
993,3781,3771,segmento_mt,43.26,ativo,1_SFOR_1
2065,37821,37781,segmento_mt,45.98,ativo,1_SFOR_1
2062,37831,37771,segmento_mt,114.73,ativo,1_SFOR_1
2063,37841,37831,segmento_mt,120.27,ativo,1_SFOR_1
2064,37851,1CF565,segmento_mt,24.17,ativo,1_SFOR_1
2078,37861,37871,segmento_mt,49.59,ativo,1_SFOR_1
2077,37871,37881,segmento_mt,78.56,ativo,1_SFOR_1
2076,37881,37891,segmento_mt,101.79,ativo,1_SFOR_1
2053,37891,38161,segmento_mt,137.45,ativo,1_SFOR_1
2066,37901,1CF568,segmento_mt,63.55,ativo,1_SFOR_1
992,3791,3781,segmento_mt,22.05,ativo,1_SFOR_1
2067,37911,37901,segmento_mt,141.31,ativo,1_SFOR_1
2068,37921,37911,segmento_mt,79.96,ativo,1_SFOR_1
2069,37931,37921,segmento_mt,64.49,ativo,1_SFOR_1
2074,37951,37801,segmento_mt,269.57,ativo,1_SFOR_1
2075,37961,1CF567,segmento_mt,23.55,ativo,1_SFOR_1
2070,37971,37931,segmento_mt,150.34,ativo,1_SFOR_1
2071,37981,1CF569,segmento_mt,139.27,ativo,1_SFOR_1
2045,37991,38011,segmento_mt,67.78,ativo,1_SFOR_1
991,3801,3791,segmento_mt,27.77,ativo,1_SFOR_1
4464,38011,71731,segmento_mt,26.05,ativo,1_SFOR_1
2042,38021,38031,segmento_mt,177.09,ativo,1_SFOR_1
2041,38031,38041,segmento_mt,85.0,ativo,1_SFOR_1
5191,38041,38051,segmento_mt,142.22,ativo,1_SFOR_1
5190,38051,38061,segmento_mt,60.35,ativo,1_SFOR_1
5189,38061,37111,segmento_mt,134.25,ativo,1_SFOR_1
2046,38081,37151,segmento_mt,102.0,ativo,1_SFOR_1
2047,38091,38081,segmento_mt,73.29,ativo,1_SFOR_1
952,381,371,segmento_mt,56.37,ativo,1_SFOR_1
2048,38101,38091,segmento_mt,244.82,ativo,1_SFOR_1
990,3811,3801,segmento_mt,14.13,ativo,1_SFOR_1
2049,38111,38101,segmento_mt,289.16,ativo,1_SFOR_1
2050,38121,38111,segmento_mt,111.34,ativo,1_SFOR_1
2051,38131,38121,segmento_mt,191.71,ativo,1_SFOR_1
2056,38141,1CF903,segmento_mt,77.83,ativo,1_SFOR_1
2057,38151,38141,segmento_mt,92.41,ativo,1_SFOR_1
2052,38161,38131,segmento_mt,79.98,ativo,1_SFOR_1
2054,38171,1CF570,segmento_mt,89.14,ativo,1_SFOR_1
2055,38181,38171,segmento_mt,85.18,ativo,1_SFOR_1
989,3821,3811,segmento_mt,14.75,ativo,1_SFOR_1
1970,38211,39111,segmento_mt,123.25,ativo,1_SFOR_1
1974,38221,38211,segmento_mt,101.3,ativo,1_SFOR_1
1975,38231,38221,segmento_mt,89.33,ativo,1_SFOR_1
1976,38241,38231,segmento_mt,119.4,ativo,1_SFOR_1
1989,38251,38241,segmento_mt,97.71,ativo,1_SFOR_1
1977,38261,38241,segmento_mt,119.15,ativo,1_SFOR_1
1978,38281,38261,segmento_mt,193.05,ativo,1_SFOR_1
1979,38291,38281,segmento_mt,113.82,ativo,1_SFOR_1
1980,38301,38291,segmento_mt,101.73,ativo,1_SFOR_1
988,3831,1TA88,segmento_mt,35.4,ativo,1_SFOR_1
1981,38311,38301,segmento_mt,77.49,ativo,1_SFOR_1
1982,38321,38311,segmento_mt,44.89,ativo,1_SFOR_1
1991,38331,1CF552,segmento_mt,48.68,ativo,1_SFOR_1
5480,38392,83491,segmento_mt,74.13,ativo,1_SFOR_1
1986,38401,38392,segmento_mt,76.91,ativo,1_SFOR_1
979,3841,40511,segmento_mt,24.25,ativo,1_SFOR_1
1987,38411,38401,segmento_mt,82.61,ativo,1_SFOR_1
1988,38421,1CF551,segmento_mt,15.57,ativo,1_SFOR_1
1992,38491,38321,segmento_mt,63.74,ativo,1_SFOR_1
5381,38501,81731,segmento_mt,94.57,ativo,1_SFOR_1
978,3851,3841,segmento_mt,29.56,ativo,1_SFOR_1
1994,38521,38501,segmento_mt,61.92,ativo,1_SFOR_1
5108,38541,38521,segmento_mt,145.5,ativo,1_SFOR_1
5109,38551,38541,segmento_mt,144.0,ativo,1_SFOR_1
5110,38561,38551,segmento_mt,107.43,ativo,1_SFOR_1
5111,38571,38561,segmento_mt,60.0,ativo,1_SFOR_1
5112,38581,1CF555,segmento_mt,36.91,ativo,1_SFOR_1
2002,38591,1CF554,segmento_mt,43.89,ativo,1_SFOR_1
2003,38601,38591,segmento_mt,113.13,ativo,1_SFOR_1
4705,3861,74591,segmento_mt,25.69,ativo,1_SFOR_1
2004,38611,38601,segmento_mt,109.85,ativo,1_SFOR_1
2005,38621,38611,segmento_mt,97.97,ativo,1_SFOR_1
2007,38631,38641,segmento_mt,39.02,ativo,1_SFOR_1
2006,38641,38621,segmento_mt,151.93,ativo,1_SFOR_1
2008,38651,38631,segmento_mt,124.66,ativo,1_SFOR_1
2009,38661,38651,segmento_mt,244.92,ativo,1_SFOR_1
5404,38671,38661,segmento_mt,83.38,ativo,1_SFOR_1
5405,38681,38671,segmento_mt,86.33,ativo,1_SFOR_1
1213,38701,1FR857,segmento_mt,18.12,ativo,1_SFOR_1
4924,38702,76231,segmento_mt,24.95,ativo,1_SFOR_1
976,3871,3861,segmento_mt,33.1,ativo,1_SFOR_1
1214,38711,1FR1033,segmento_mt,74.45,ativo,1_SFOR_1
4926,38712,76121,segmento_mt,40.33,ativo,1_SFOR_1
1221,38721,38711,segmento_mt,60.64,ativo,1_SFOR_1
4928,38722,76111,segmento_mt,30.37,ativo,1_SFOR_1
1227,38731,1CF540,segmento_mt,67.83,ativo,1_SFOR_1
5499,38751,83951,segmento_mt,53.26,ativo,1_SFOR_1
1230,38761,38751,segmento_mt,50.66,ativo,1_SFOR_1
1231,38771,38761,segmento_mt,52.15,ativo,1_SFOR_1
5002,38781,68901,segmento_mt,6.73,ativo,1_SFOR_1
4174,38791,38721,segmento_mt,91.62,ativo,1_SFOR_1
1224,38801,38791,segmento_mt,83.25,ativo,1_SFOR_1
4932,38802,76081,segmento_mt,47.91,ativo,1_SFOR_1
1225,38811,38801,segmento_mt,102.08,ativo,1_SFOR_1
1232,38821,1CF542,segmento_mt,22.21,ativo,1_SFOR_1
1226,38831,38811,segmento_mt,27.57,ativo,1_SFOR_1
4935,38832,76061,segmento_mt,36.61,ativo,1_SFOR_1
1233,38841,38831,segmento_mt,122.36,ativo,1_SFOR_1
4937,38842,76051,segmento_mt,59.54,ativo,1_SFOR_1
1234,38851,38841,segmento_mt,75.97,ativo,1_SFOR_1
4939,38852,76041,segmento_mt,38.4,ativo,1_SFOR_1
4825,38861,1CF543,segmento_mt,28.99,ativo,1_SFOR_1
1945,38871,38861,segmento_mt,144.0,ativo,1_SFOR_1
1946,38881,1CF544,segmento_mt,14.42,ativo,1_SFOR_1
4824,38901,72221,segmento_mt,10.07,ativo,1_SFOR_1
4822,38911,38921,segmento_mt,53.82,ativo,1_SFOR_1
4897,38921,38852,segmento_mt,51.75,ativo,1_SFOR_1
4828,38931,1CS545,segmento_mt,105.61,ativo,1_SFOR_1
4829,38941,38931,segmento_mt,69.36,ativo,1_SFOR_1
4830,38951,38941,segmento_mt,62.86,ativo,1_SFOR_1
4832,38961,75141,segmento_mt,102.46,ativo,1_SFOR_1
4833,38971,38961,segmento_mt,98.8,ativo,1_SFOR_1
4834,38981,38971,segmento_mt,88.63,ativo,1_SFOR_1
4835,38991,38981,segmento_mt,92.44,ativo,1_SFOR_1
4836,39001,38991,segmento_mt,120.64,ativo,1_SFOR_1
4837,39011,39001,segmento_mt,98.45,ativo,1_SFOR_1
5001,39021,1CS21,segmento_mt,84.13,ativo,1_SFOR_1
4818,39031,39021,segmento_mt,174.58,ativo,1_SFOR_1
1957,39041,39031,segmento_mt,269.72,ativo,1_SFOR_1
1958,39051,39041,segmento_mt,65.72,ativo,1_SFOR_1
1960,39061,1CF546,segmento_mt,103.29,ativo,1_SFOR_1
1961,39071,39061,segmento_mt,65.29,ativo,1_SFOR_1
1962,39081,39071,segmento_mt,48.46,ativo,1_SFOR_1
1959,39091,39051,segmento_mt,20.79,ativo,1_SFOR_1
953,391,381,segmento_mt,45.73,ativo,1_SFOR_1
1968,39101,1CS547,segmento_mt,111.41,ativo,1_SFOR_1
1969,39111,39101,segmento_mt,104.82,ativo,1_SFOR_1
1971,39131,1CF549,segmento_mt,104.68,ativo,1_SFOR_1
1972,39141,39131,segmento_mt,84.78,ativo,1_SFOR_1
1973,39151,39141,segmento_mt,82.57,ativo,1_SFOR_1
1963,39211,39081,segmento_mt,426.08,ativo,1_SFOR_1
1964,39221,39211,segmento_mt,81.36,ativo,1_SFOR_1
1965,39231,39221,segmento_mt,64.8,ativo,1_SFOR_1
1966,39241,39231,segmento_mt,64.91,ativo,1_SFOR_1
1967,39251,39241,segmento_mt,132.93,ativo,1_SFOR_1
1063,3971,1CF90,segmento_mt,47.83,ativo,1_SFOR_1
1062,3991,4011,segmento_mt,53.15,ativo,1_SFOR_1
954,401,391,segmento_mt,54.68,ativo,1_SFOR_1
200,40101,18311,segmento_mt,25.79,ativo,1_SFOR_1
1061,4011,4021,segmento_mt,23.73,ativo,1_SFOR_1
197,40111,1CF360,segmento_mt,11.84,ativo,1_SFOR_1
226,40121,40111,segmento_mt,11.33,ativo,1_SFOR_1
289,40161,10401,segmento_mt,20.59,ativo,1_SFOR_1
312,40171,5671,segmento_mt,22.17,ativo,1_SFOR_1
305,40181,5751,segmento_mt,6.45,ativo,1_SFOR_1
338,40191,1CS212,segmento_mt,21.44,ativo,1_SFOR_1
1060,4021,4031,segmento_mt,21.82,ativo,1_SFOR_1
1059,4031,1CF854,segmento_mt,22.76,ativo,1_SFOR_1
1064,4041,1CF91,segmento_mt,11.43,ativo,1_SFOR_1
823,40431,3871,segmento_mt,29.92,ativo,1_SFOR_1
909,40471,1CS110,segmento_mt,8.34,ativo,1_SFOR_1
916,40481,40491,segmento_mt,22.53,ativo,1_SFOR_1
926,40491,4091,segmento_mt,15.05,ativo,1_SFOR_1
930,40501,3411,segmento_mt,17.4,ativo,1_SFOR_1
1058,4051,4071,segmento_mt,33.45,ativo,1_SFOR_1
980,40511,3831,segmento_mt,14.44,ativo,1_SFOR_1
1006,40521,2901,segmento_mt,25.53,ativo,1_SFOR_1
1057,4071,2941,segmento_mt,15.64,ativo,1_SFOR_1
917,4091,4101,segmento_mt,40.09,ativo,1_SFOR_1
918,4101,4111,segmento_mt,40.07,ativo,1_SFOR_1
955,411,401,segmento_mt,43.23,ativo,1_SFOR_1
919,4111,4121,segmento_mt,39.22,ativo,1_SFOR_1
920,4121,4131,segmento_mt,34.46,ativo,1_SFOR_1
921,4131,4141,segmento_mt,38.84,ativo,1_SFOR_1
922,4141,4151,segmento_mt,32.15,ativo,1_SFOR_1
923,4151,4161,segmento_mt,22.46,ativo,1_SFOR_1
924,4161,4171,segmento_mt,29.67,ativo,1_SFOR_1
925,4171,1CF76,segmento_mt,27.99,ativo,1_SFOR_1
1065,4201,1CF77,segmento_mt,20.41,ativo,1_SFOR_1
960,421,1CF41,segmento_mt,14.4,ativo,1_SFOR_1
1066,4221,4201,segmento_mt,64.28,ativo,1_SFOR_1
1067,4231,4221,segmento_mt,23.93,ativo,1_SFOR_1
1068,4241,4231,segmento_mt,20.89,ativo,1_SFOR_1
4352,4251,4241,segmento_mt,21.9,ativo,1_SFOR_1
934,4261,40501,segmento_mt,15.11,ativo,1_SFOR_1
935,4271,40501,segmento_mt,10.33,ativo,1_SFOR_1
936,4291,1CF92,segmento_mt,42.22,ativo,1_SFOR_1
959,431,411,segmento_mt,49.09,ativo,1_SFOR_1
937,4341,1CF988,segmento_mt,17.24,ativo,1_SFOR_1
5097,4381,73571,segmento_mt,35.66,ativo,1_SFOR_1
824,4401,40431,segmento_mt,19.86,ativo,1_SFOR_1
5413,4411,82091,segmento_mt,15.87,ativo,1_SFOR_1
826,4421,1CF1050,segmento_mt,24.38,ativo,1_SFOR_1
827,4431,4421,segmento_mt,18.19,ativo,1_SFOR_1
828,4441,4431,segmento_mt,16.09,ativo,1_SFOR_1
1076,44441,3101,segmento_mt,29.88,ativo,1_SFOR_1
829,4451,4441,segmento_mt,23.17,ativo,1_SFOR_1
896,4471,6751,segmento_mt,37.88,ativo,1_SFOR_1
897,4481,4471,segmento_mt,16.92,ativo,1_SFOR_1
899,4491,6901,segmento_mt,26.61,ativo,1_SFOR_1
900,4501,1CF95,segmento_mt,18.84,ativo,1_SFOR_1
901,4511,4501,segmento_mt,26.86,ativo,1_SFOR_1
5088,45131,37641,segmento_mt,43.48,ativo,1_SFOR_1
5089,45141,45131,segmento_mt,64.21,ativo,1_SFOR_1
5090,45151,1CF990,segmento_mt,29.15,ativo,1_SFOR_1
5091,45161,45151,segmento_mt,122.43,ativo,1_SFOR_1
5092,45171,45161,segmento_mt,59.6,ativo,1_SFOR_1
5093,45181,45171,segmento_mt,56.2,ativo,1_SFOR_1
5094,45201,45181,segmento_mt,217.4,ativo,1_SFOR_1
902,4521,4511,segmento_mt,25.7,ativo,1_SFOR_1
5095,45221,45201,segmento_mt,238.99,ativo,1_SFOR_1
5096,45231,1CF991,segmento_mt,32.05,ativo,1_SFOR_1
1212,45261,5473,segmento_mt,60.49,ativo,1_SFOR_1
5560,45281,1CF18,segmento_mt,8.05,ativo,1_SFOR_1
3932,45282,1CS17,segmento_mt,6.38,ativo,1_SFOR_1
1215,45291,45261,segmento_mt,40.84,ativo,1_SFOR_1
3924,45301,45281,segmento_mt,36.92,ativo,1_SFOR_1
903,4531,4521,segmento_mt,30.67,ativo,1_SFOR_1
1218,45311,45301,segmento_mt,375.73,ativo,1_SFOR_1
1219,45321,45311,segmento_mt,72.09,ativo,1_SFOR_1
1220,45331,45321,segmento_mt,59.82,ativo,1_SFOR_1
2535,45341,45331,segmento_mt,128.76,ativo,1_SFOR_1
2536,45351,45341,segmento_mt,75.4,ativo,1_SFOR_1
2537,45361,45351,segmento_mt,78.91,ativo,1_SFOR_1
2538,45371,45361,segmento_mt,261.04,ativo,1_SFOR_1
2539,45381,45371,segmento_mt,139.69,ativo,1_SFOR_1
2540,45391,45381,segmento_mt,79.47,ativo,1_SFOR_1
2542,45401,1CF455,segmento_mt,58.66,ativo,1_SFOR_1
904,4541,4531,segmento_mt,31.09,ativo,1_SFOR_1
2543,45431,45401,segmento_mt,131.41,ativo,1_SFOR_1
5872,45441,1CF456,segmento_mt,104.26,ativo,1_SFOR_1
5873,45451,45431,segmento_mt,213.48,ativo,1_SFOR_1
5874,45461,45451,segmento_mt,84.78,ativo,1_SFOR_1
905,4551,4541,segmento_mt,32.65,ativo,1_SFOR_1
2546,45521,45461,segmento_mt,92.27,ativo,1_SFOR_1
2541,45561,45391,segmento_mt,110.68,ativo,1_SFOR_1
2550,45581,1CF458,segmento_mt,27.32,ativo,1_SFOR_1
2548,45591,45561,segmento_mt,129.14,ativo,1_SFOR_1
2575,45811,1CF462,segmento_mt,47.03,ativo,1_SFOR_1
2574,45851,79311,segmento_mt,247.09,ativo,1_SFOR_1
2576,45871,45851,segmento_mt,127.06,ativo,1_SFOR_1
2552,45891,45591,segmento_mt,182.59,ativo,1_SFOR_1
4801,45901,75971,segmento_mt,76.57,ativo,1_SFOR_1
4942,45911,45901,segmento_mt,56.31,ativo,1_SFOR_1
4943,45921,45911,segmento_mt,68.89,ativo,1_SFOR_1
4944,45931,45921,segmento_mt,92.1,ativo,1_SFOR_1
4945,45941,45931,segmento_mt,65.65,ativo,1_SFOR_1
2557,45991,1CF459,segmento_mt,55.85,ativo,1_SFOR_1
2558,46001,45991,segmento_mt,166.93,ativo,1_SFOR_1
2640,46121,1CS471,segmento_mt,182.16,ativo,1_SFOR_1
2627,46131,1CF473,segmento_mt,90.13,ativo,1_SFOR_1
2628,46141,46131,segmento_mt,58.55,ativo,1_SFOR_1
2629,46151,46141,segmento_mt,152.79,ativo,1_SFOR_1
2630,46161,46151,segmento_mt,89.96,ativo,1_SFOR_1
2631,46171,46161,segmento_mt,125.12,ativo,1_SFOR_1
2632,46181,46171,segmento_mt,104.57,ativo,1_SFOR_1
2633,46191,1CF474,segmento_mt,126.48,ativo,1_SFOR_1
2620,46201,46121,segmento_mt,79.11,ativo,1_SFOR_1
2621,46211,46201,segmento_mt,15.08,ativo,1_SFOR_1
2622,46221,46211,segmento_mt,62.3,ativo,1_SFOR_1
2623,46231,46221,segmento_mt,88.93,ativo,1_SFOR_1
2634,46241,1CF475,segmento_mt,48.19,ativo,1_SFOR_1
2635,46251,46241,segmento_mt,32.72,ativo,1_SFOR_1
2636,46271,46251,segmento_mt,58.81,ativo,1_SFOR_1
2637,46281,46271,segmento_mt,56.94,ativo,1_SFOR_1
2638,46291,1CF476,segmento_mt,18.8,ativo,1_SFOR_1
2624,46361,46231,segmento_mt,83.28,ativo,1_SFOR_1
2625,46371,46361,segmento_mt,17.49,ativo,1_SFOR_1
2626,46401,1FR477,segmento_mt,126.04,ativo,1_SFOR_1
2646,46411,46401,segmento_mt,70.54,ativo,1_SFOR_1
2647,46421,46411,segmento_mt,92.05,ativo,1_SFOR_1
2648,46441,46421,segmento_mt,149.71,ativo,1_SFOR_1
2650,46451,46441,segmento_mt,88.05,ativo,1_SFOR_1
2651,46461,46451,segmento_mt,217.56,ativo,1_SFOR_1
2652,46471,46461,segmento_mt,127.04,ativo,1_SFOR_1
2653,46481,46471,segmento_mt,59.33,ativo,1_SFOR_1
2654,46491,46481,segmento_mt,87.77,ativo,1_SFOR_1
2657,46501,1CF480,segmento_mt,9.41,ativo,1_SFOR_1
2655,46511,46491,segmento_mt,165.34,ativo,1_SFOR_1
2656,46531,46511,segmento_mt,157.1,ativo,1_SFOR_1
2662,46541,46531,segmento_mt,76.44,ativo,1_SFOR_1
2663,46551,46541,segmento_mt,81.18,ativo,1_SFOR_1
2664,46561,46551,segmento_mt,79.11,ativo,1_SFOR_1
2665,46571,46561,segmento_mt,65.71,ativo,1_SFOR_1
2678,46581,1CF481,segmento_mt,49.12,ativo,1_SFOR_1
2577,46591,45871,segmento_mt,74.42,ativo,1_SFOR_1
2578,46601,46591,segmento_mt,73.32,ativo,1_SFOR_1
2579,46611,46601,segmento_mt,75.42,ativo,1_SFOR_1
2580,46631,46611,segmento_mt,42.2,ativo,1_SFOR_1
2581,46641,1CF464,segmento_mt,122.49,ativo,1_SFOR_1
2585,46661,46641,segmento_mt,132.06,ativo,1_SFOR_1
2586,46681,46661,segmento_mt,94.5,ativo,1_SFOR_1
2588,46701,1CF465,segmento_mt,40.89,ativo,1_SFOR_1
2589,46711,46921,segmento_mt,86.34,ativo,1_SFOR_1
2590,46721,46711,segmento_mt,94.2,ativo,1_SFOR_1
2591,46731,46721,segmento_mt,124.35,ativo,1_SFOR_1
2592,46741,46731,segmento_mt,137.17,ativo,1_SFOR_1
2593,46751,46741,segmento_mt,122.94,ativo,1_SFOR_1
2594,46761,46751,segmento_mt,37.12,ativo,1_SFOR_1
2595,46771,1CF466,segmento_mt,141.24,ativo,1_SFOR_1
2596,46781,46771,segmento_mt,65.77,ativo,1_SFOR_1
2597,46791,46781,segmento_mt,36.85,ativo,1_SFOR_1
2598,46801,46791,segmento_mt,65.7,ativo,1_SFOR_1
2599,46811,46801,segmento_mt,204.95,ativo,1_SFOR_1
2600,46821,46811,segmento_mt,133.27,ativo,1_SFOR_1
2601,46831,46821,segmento_mt,91.23,ativo,1_SFOR_1
2602,46841,46831,segmento_mt,62.83,ativo,1_SFOR_1
2603,46851,46841,segmento_mt,123.52,ativo,1_SFOR_1
2604,46861,46851,segmento_mt,114.01,ativo,1_SFOR_1
2605,46871,1CF467,segmento_mt,31.35,ativo,1_SFOR_1
2606,46881,46911,segmento_mt,101.76,ativo,1_SFOR_1
2607,46891,46881,segmento_mt,67.26,ativo,1_SFOR_1
2608,46901,46891,segmento_mt,103.05,ativo,1_SFOR_1
2583,46911,46931,segmento_mt,160.05,ativo,1_SFOR_1
2587,46921,46681,segmento_mt,52.81,ativo,1_SFOR_1
2582,46931,1CS463,segmento_mt,166.98,ativo,1_SFOR_1
2609,46951,46901,segmento_mt,177.44,ativo,1_SFOR_1
2610,46961,46951,segmento_mt,67.5,ativo,1_SFOR_1
2611,46971,46961,segmento_mt,79.81,ativo,1_SFOR_1
2612,46981,46971,segmento_mt,139.4,ativo,1_SFOR_1
2613,46991,46981,segmento_mt,149.78,ativo,1_SFOR_1
2614,47001,46991,segmento_mt,145.21,ativo,1_SFOR_1
4365,47011,71281,segmento_mt,118.58,ativo,1_SFOR_1
5254,47081,1CS470,segmento_mt,216.65,ativo,1_SFOR_1
2641,47091,1CS472,segmento_mt,48.3,ativo,1_SFOR_1
2642,47101,47091,segmento_mt,104.67,ativo,1_SFOR_1
2643,47111,47101,segmento_mt,154.36,ativo,1_SFOR_1
2644,47121,47111,segmento_mt,72.09,ativo,1_SFOR_1
2704,47131,47121,segmento_mt,87.07,ativo,1_SFOR_1
2645,47141,47121,segmento_mt,169.91,ativo,1_SFOR_1
2720,47151,47141,segmento_mt,112.0,ativo,1_SFOR_1
2721,47161,47151,segmento_mt,82.14,ativo,1_SFOR_1
2722,47171,47161,segmento_mt,138.76,ativo,1_SFOR_1
2723,47181,47171,segmento_mt,126.51,ativo,1_SFOR_1
2724,47191,47181,segmento_mt,154.62,ativo,1_SFOR_1
2725,47201,47191,segmento_mt,178.56,ativo,1_SFOR_1
2666,47221,46571,segmento_mt,108.07,ativo,1_SFOR_1
2667,47231,47221,segmento_mt,87.66,ativo,1_SFOR_1
2668,47241,47231,segmento_mt,264.86,ativo,1_SFOR_1
2669,47251,1CF482,segmento_mt,115.1,ativo,1_SFOR_1
2670,47261,47251,segmento_mt,105.41,ativo,1_SFOR_1
2671,47271,47261,segmento_mt,131.24,ativo,1_SFOR_1
2672,47281,47271,segmento_mt,159.4,ativo,1_SFOR_1
2677,47291,47301,segmento_mt,134.58,ativo,1_SFOR_1
2676,47301,1CF483,segmento_mt,127.01,ativo,1_SFOR_1
2673,47311,47281,segmento_mt,212.16,ativo,1_SFOR_1
2674,47321,47311,segmento_mt,94.24,ativo,1_SFOR_1
2675,47331,47321,segmento_mt,142.94,ativo,1_SFOR_1
2708,47341,47331,segmento_mt,109.0,ativo,1_SFOR_1
2709,47351,47341,segmento_mt,125.9,ativo,1_SFOR_1
2710,47361,47351,segmento_mt,76.09,ativo,1_SFOR_1
2711,47371,47361,segmento_mt,108.77,ativo,1_SFOR_1
2714,47381,1CF485,segmento_mt,27.82,ativo,1_SFOR_1
2712,47391,47371,segmento_mt,52.36,ativo,1_SFOR_1
2713,47401,47391,segmento_mt,92.07,ativo,1_SFOR_1
2715,47411,47401,segmento_mt,86.07,ativo,1_SFOR_1
2716,47421,47411,segmento_mt,117.49,ativo,1_SFOR_1
2717,47431,47421,segmento_mt,88.27,ativo,1_SFOR_1
2718,47451,47431,segmento_mt,59.79,ativo,1_SFOR_1
2719,47461,1CF486,segmento_mt,13.22,ativo,1_SFOR_1
2649,47501,1CF478,segmento_mt,218.4,ativo,1_SFOR_1
2658,47511,47501,segmento_mt,44.95,ativo,1_SFOR_1
872,4752,1CS110,segmento_mt,28.29,ativo,1_SFOR_1
2659,47541,47511,segmento_mt,214.8,ativo,1_SFOR_1
2660,47551,47541,segmento_mt,59.07,ativo,1_SFOR_1
2661,47561,1CF479,segmento_mt,58.47,ativo,1_SFOR_1
2705,47591,47131,segmento_mt,172.76,ativo,1_SFOR_1
2706,47601,47591,segmento_mt,63.5,ativo,1_SFOR_1
907,4761,40471,segmento_mt,14.92,ativo,1_SFOR_1
2707,47611,1CF487,segmento_mt,30.0,ativo,1_SFOR_1
2726,47661,47201,segmento_mt,172.1,ativo,1_SFOR_1
2727,47671,47661,segmento_mt,103.3,ativo,1_SFOR_1
2728,47701,47671,segmento_mt,140.36,ativo,1_SFOR_1
873,4771,4761,segmento_mt,20.57,ativo,1_SFOR_1
2730,47711,1CF488,segmento_mt,22.41,ativo,1_SFOR_1
2729,47741,47701,segmento_mt,148.8,ativo,1_SFOR_1
2731,47751,47741,segmento_mt,151.48,ativo,1_SFOR_1
2732,47761,47751,segmento_mt,150.3,ativo,1_SFOR_1
2733,47771,47761,segmento_mt,115.06,ativo,1_SFOR_1
2734,47781,47771,segmento_mt,130.93,ativo,1_SFOR_1
2735,47791,47781,segmento_mt,124.75,ativo,1_SFOR_1
2736,47801,47791,segmento_mt,331.37,ativo,1_SFOR_1
874,4781,4771,segmento_mt,35.2,ativo,1_SFOR_1
4615,47882,73191,segmento_mt,10.18,ativo,1_SFOR_1
875,4791,4781,segmento_mt,36.98,ativo,1_SFOR_1
876,4801,4791,segmento_mt,27.41,ativo,1_SFOR_1
961,481,431,segmento_mt,40.06,ativo,1_SFOR_1
877,4811,4801,segmento_mt,25.24,ativo,1_SFOR_1
5167,48151,1CF496,segmento_mt,39.77,ativo,1_SFOR_1
5166,48161,48171,segmento_mt,95.79,ativo,1_SFOR_1
5165,48171,48181,segmento_mt,118.72,ativo,1_SFOR_1
5164,48181,48191,segmento_mt,115.69,ativo,1_SFOR_1
5163,48191,48201,segmento_mt,177.96,ativo,1_SFOR_1
5162,48201,48211,segmento_mt,218.56,ativo,1_SFOR_1
878,4821,1CF103,segmento_mt,23.03,ativo,1_SFOR_1
2697,48211,1CF493,segmento_mt,107.63,ativo,1_SFOR_1
2690,48221,1CF492,segmento_mt,13.45,ativo,1_SFOR_1
2689,48231,48261,segmento_mt,191.82,ativo,1_SFOR_1
2691,48241,48231,segmento_mt,22.94,ativo,1_SFOR_1
2688,48261,48271,segmento_mt,77.9,ativo,1_SFOR_1
2687,48271,48281,segmento_mt,84.5,ativo,1_SFOR_1
2686,48281,48291,segmento_mt,88.44,ativo,1_SFOR_1
2685,48291,48301,segmento_mt,80.63,ativo,1_SFOR_1
2684,48301,48311,segmento_mt,235.29,ativo,1_SFOR_1
879,4831,4821,segmento_mt,28.28,ativo,1_SFOR_1
2683,48311,48321,segmento_mt,109.1,ativo,1_SFOR_1
2680,48321,48331,segmento_mt,56.56,ativo,1_SFOR_1
2679,48331,46581,segmento_mt,139.77,ativo,1_SFOR_1
2692,48341,48241,segmento_mt,43.18,ativo,1_SFOR_1
2693,48351,1CF494,segmento_mt,119.31,ativo,1_SFOR_1
2694,48361,48351,segmento_mt,81.6,ativo,1_SFOR_1
2695,48371,48361,segmento_mt,91.37,ativo,1_SFOR_1
5521,48381,84451,segmento_mt,55.64,ativo,1_SFOR_1
880,4841,4831,segmento_mt,32.51,ativo,1_SFOR_1
1188,48471,1CF179,segmento_mt,52.02,ativo,1_SFOR_1
4902,48481,48502,segmento_mt,20.67,ativo,1_SFOR_1
4964,48491,8351,segmento_mt,60.49,ativo,1_SFOR_1
1175,48501,48491,segmento_mt,67.66,ativo,1_SFOR_1
4858,48502,76161,segmento_mt,36.46,ativo,1_SFOR_1
881,4851,4841,segmento_mt,27.84,ativo,1_SFOR_1
1176,48511,48501,segmento_mt,58.73,ativo,1_SFOR_1
4903,48512,48481,segmento_mt,38.25,ativo,1_SFOR_1
1177,48531,48511,segmento_mt,56.28,ativo,1_SFOR_1
4904,48532,48512,segmento_mt,58.28,ativo,1_SFOR_1
1178,48541,48531,segmento_mt,59.2,ativo,1_SFOR_1
4905,48542,48532,segmento_mt,61.2,ativo,1_SFOR_1
1196,48551,1CF174,segmento_mt,10.69,ativo,1_SFOR_1
1197,48561,48551,segmento_mt,25.35,ativo,1_SFOR_1
1198,48571,48561,segmento_mt,14.8,ativo,1_SFOR_1
1199,48581,48571,segmento_mt,27.68,ativo,1_SFOR_1
4246,4861,69511,segmento_mt,22.08,ativo,1_SFOR_1
1200,48621,48581,segmento_mt,24.55,ativo,1_SFOR_1
883,4871,4861,segmento_mt,41.3,ativo,1_SFOR_1
1201,48761,1CF175,segmento_mt,13.47,ativo,1_SFOR_1
1179,48771,48541,segmento_mt,41.17,ativo,1_SFOR_1
4906,48772,48542,segmento_mt,41.17,ativo,1_SFOR_1
1202,48791,48761,segmento_mt,68.87,ativo,1_SFOR_1
884,4881,1CF105,segmento_mt,25.87,ativo,1_SFOR_1
1203,48811,48791,segmento_mt,68.08,ativo,1_SFOR_1
1205,48821,1CF176,segmento_mt,21.55,ativo,1_SFOR_1
1204,48841,48811,segmento_mt,41.87,ativo,1_SFOR_1
1206,48861,48841,segmento_mt,95.2,ativo,1_SFOR_1
1207,48881,48861,segmento_mt,82.2,ativo,1_SFOR_1
1208,48911,48881,segmento_mt,64.9,ativo,1_SFOR_1
1209,48931,1CF177,segmento_mt,37.49,ativo,1_SFOR_1
302,49021,12981,segmento_mt,27.5,ativo,1_SFOR_1
1311,49032,12722,segmento_mt,6.89,ativo,1_SFOR_1
962,491,481,segmento_mt,60.17,ativo,1_SFOR_1
2821,49251,49281,segmento_mt,86.51,ativo,1_SFOR_1
2820,49281,1CF509,segmento_mt,86.0,ativo,1_SFOR_1
2819,49291,49301,segmento_mt,114.72,ativo,1_SFOR_1
2818,49301,49311,segmento_mt,58.52,ativo,1_SFOR_1
2817,49311,1CF508,segmento_mt,74.18,ativo,1_SFOR_1
2816,49321,49351,segmento_mt,76.34,ativo,1_SFOR_1
2811,49331,49371,segmento_mt,156.99,ativo,1_SFOR_1
2812,49341,49331,segmento_mt,145.33,ativo,1_SFOR_1
2815,49351,49361,segmento_mt,32.49,ativo,1_SFOR_1
2813,49361,49341,segmento_mt,125.36,ativo,1_SFOR_1
2810,49371,49381,segmento_mt,144.21,ativo,1_SFOR_1
2809,49381,49391,segmento_mt,128.05,ativo,1_SFOR_1
2808,49391,49401,segmento_mt,77.4,ativo,1_SFOR_1
2807,49401,49411,segmento_mt,81.2,ativo,1_SFOR_1
2806,49411,49421,segmento_mt,177.54,ativo,1_SFOR_1
2805,49421,51861,segmento_mt,168.81,ativo,1_SFOR_1
2814,49431,49361,segmento_mt,229.34,ativo,1_SFOR_1
2822,49441,49431,segmento_mt,120.41,ativo,1_SFOR_1
2824,49451,49441,segmento_mt,42.0,ativo,1_SFOR_1
2823,49461,49441,segmento_mt,181.99,ativo,1_SFOR_1
2836,49471,49461,segmento_mt,112.45,ativo,1_SFOR_1
2825,49481,49451,segmento_mt,105.27,ativo,1_SFOR_1
2826,49491,49481,segmento_mt,53.48,ativo,1_SFOR_1
2827,49501,49491,segmento_mt,74.32,ativo,1_SFOR_1
2828,49511,1CF510,segmento_mt,60.19,ativo,1_SFOR_1
2833,49521,49531,segmento_mt,128.76,ativo,1_SFOR_1
2829,49531,49511,segmento_mt,51.72,ativo,1_SFOR_1
2834,49541,49521,segmento_mt,186.71,ativo,1_SFOR_1
2835,49551,49541,segmento_mt,23.13,ativo,1_SFOR_1
2830,49561,49531,segmento_mt,180.75,ativo,1_SFOR_1
2831,49571,49561,segmento_mt,190.62,ativo,1_SFOR_1
2832,49581,1CF511,segmento_mt,30.76,ativo,1_SFOR_1
4652,49631,1CF498,segmento_mt,53.44,ativo,1_SFOR_1
2776,49691,1CF497,segmento_mt,229.37,ativo,1_SFOR_1
2779,49701,49711,segmento_mt,93.16,ativo,1_SFOR_1
2778,49711,49721,segmento_mt,61.29,ativo,1_SFOR_1
2777,49721,1CF502,segmento_mt,109.88,ativo,1_SFOR_1
4642,49741,1CS929,segmento_mt,107.25,ativo,1_SFOR_1
2780,49751,49741,segmento_mt,158.51,ativo,1_SFOR_1
2781,49761,49751,segmento_mt,104.91,ativo,1_SFOR_1
2782,49771,49761,segmento_mt,132.49,ativo,1_SFOR_1
2783,49781,49771,segmento_mt,116.04,ativo,1_SFOR_1
2803,49791,49781,segmento_mt,39.62,ativo,1_SFOR_1
2804,49801,1CF505,segmento_mt,15.01,ativo,1_SFOR_1
2797,49831,1CF503,segmento_mt,81.99,ativo,1_SFOR_1
2798,49841,49831,segmento_mt,203.42,ativo,1_SFOR_1
2799,49851,49841,segmento_mt,80.52,ativo,1_SFOR_1
2800,49861,49851,segmento_mt,127.26,ativo,1_SFOR_1
2801,49871,49861,segmento_mt,30.68,ativo,1_SFOR_1
2802,49881,1CF504,segmento_mt,103.96,ativo,1_SFOR_1
2784,49901,49781,segmento_mt,148.73,ativo,1_SFOR_1
2794,49921,83311,segmento_mt,81.67,ativo,1_SFOR_1
2795,49931,49921,segmento_mt,97.93,ativo,1_SFOR_1
2796,49941,1CF506,segmento_mt,39.38,ativo,1_SFOR_1
2857,49961,1CF516,segmento_mt,88.4,ativo,1_SFOR_1
2858,49971,49961,segmento_mt,82.31,ativo,1_SFOR_1
2859,49991,49971,segmento_mt,82.31,ativo,1_SFOR_1
2860,50001,1CF517,segmento_mt,34.33,ativo,1_SFOR_1
2861,50011,50001,segmento_mt,34.74,ativo,1_SFOR_1
2925,50061,78771,segmento_mt,128.78,ativo,1_SFOR_1
963,501,491,segmento_mt,54.67,ativo,1_SFOR_1
5214,50101,1CF529,segmento_mt,66.72,ativo,1_SFOR_1
5215,50161,78761,segmento_mt,43.48,ativo,1_SFOR_1
2927,50181,50161,segmento_mt,225.91,ativo,1_SFOR_1
2928,50191,50181,segmento_mt,89.11,ativo,1_SFOR_1
2929,50201,50191,segmento_mt,102.88,ativo,1_SFOR_1
4463,50211,50241,segmento_mt,123.44,ativo,1_SFOR_1
2947,50241,1CF536,segmento_mt,46.36,ativo,1_SFOR_1
4704,5031,68231,segmento_mt,34.62,ativo,1_SFOR_1
2944,50311,1CF535,segmento_mt,51.26,ativo,1_SFOR_1
1193,5041,1CF180,segmento_mt,26.13,ativo,1_SFOR_1
1194,5051,5041,segmento_mt,25.07,ativo,1_SFOR_1
5039,50551,50591,segmento_mt,128.21,ativo,1_SFOR_1
5036,50561,1CF981,segmento_mt,8.3,ativo,1_SFOR_1
4460,50571,71641,segmento_mt,69.75,ativo,1_SFOR_1
5037,50581,1CF982,segmento_mt,137.11,ativo,1_SFOR_1
5038,50591,50581,segmento_mt,96.92,ativo,1_SFOR_1
2883,50601,51751,segmento_mt,119.48,ativo,1_SFOR_1
1195,5061,5051,segmento_mt,35.26,ativo,1_SFOR_1
2874,50631,51761,segmento_mt,89.92,ativo,1_SFOR_1
2875,50641,50631,segmento_mt,68.96,ativo,1_SFOR_1
2886,50651,51781,segmento_mt,135.44,ativo,1_SFOR_1
2887,50661,50651,segmento_mt,292.43,ativo,1_SFOR_1
2888,50671,50661,segmento_mt,156.72,ativo,1_SFOR_1
2889,50681,50671,segmento_mt,400.93,ativo,1_SFOR_1
2890,50691,50681,segmento_mt,58.82,ativo,1_SFOR_1
2891,50701,50691,segmento_mt,103.23,ativo,1_SFOR_1
2892,50711,50701,segmento_mt,134.36,ativo,1_SFOR_1
2962,50731,80471,segmento_mt,127.0,ativo,1_SFOR_1
2970,50741,1CF526,segmento_mt,30.31,ativo,1_SFOR_1
2963,50751,50731,segmento_mt,205.49,ativo,1_SFOR_1
2964,50761,50751,segmento_mt,107.24,ativo,1_SFOR_1
2965,50771,50761,segmento_mt,149.86,ativo,1_SFOR_1
2966,50781,50771,segmento_mt,129.92,ativo,1_SFOR_1
2967,50791,50781,segmento_mt,83.66,ativo,1_SFOR_1
2968,50801,50791,segmento_mt,195.09,ativo,1_SFOR_1
2969,50811,1CF527,segmento_mt,22.62,ativo,1_SFOR_1
2879,50831,1CF524,segmento_mt,64.65,ativo,1_SFOR_1
2876,50851,50641,segmento_mt,262.11,ativo,1_SFOR_1
2877,50861,50851,segmento_mt,94.69,ativo,1_SFOR_1
2878,50871,1CF525,segmento_mt,28.7,ativo,1_SFOR_1
2863,50881,50891,segmento_mt,30.4,ativo,1_SFOR_1
2862,50891,50901,segmento_mt,75.61,ativo,1_SFOR_1
2837,50901,49471,segmento_mt,169.88,ativo,1_SFOR_1
2838,50911,50901,segmento_mt,181.28,ativo,1_SFOR_1
2839,50921,50911,segmento_mt,130.64,ativo,1_SFOR_1
2864,50931,50881,segmento_mt,135.24,ativo,1_SFOR_1
2865,50941,1CF513,segmento_mt,13.83,ativo,1_SFOR_1
1191,5101,5121,segmento_mt,57.97,ativo,1_SFOR_1
2840,51041,50921,segmento_mt,189.3,ativo,1_SFOR_1
2841,51051,51041,segmento_mt,131.14,ativo,1_SFOR_1
2842,51071,1CS514,segmento_mt,55.3,ativo,1_SFOR_1
2856,51081,1CF515,segmento_mt,25.75,ativo,1_SFOR_1
964,511,501,segmento_mt,38.43,ativo,1_SFOR_1
2843,51101,51071,segmento_mt,70.84,ativo,1_SFOR_1
2930,51121,50201,segmento_mt,187.18,ativo,1_SFOR_1
2931,51131,51121,segmento_mt,146.72,ativo,1_SFOR_1
2932,51141,51131,segmento_mt,79.88,ativo,1_SFOR_1
5203,51181,1CF528,segmento_mt,12.1,ativo,1_SFOR_1
5136,5121,5131,segmento_mt,5.23,ativo,1_SFOR_1
2904,51211,51221,segmento_mt,77.23,ativo,1_SFOR_1
2903,51221,51231,segmento_mt,72.98,ativo,1_SFOR_1
2902,51231,51241,segmento_mt,83.07,ativo,1_SFOR_1
2901,51241,51251,segmento_mt,81.15,ativo,1_SFOR_1
2900,51251,51261,segmento_mt,52.69,ativo,1_SFOR_1
2899,51261,51271,segmento_mt,88.01,ativo,1_SFOR_1
2898,51271,51281,segmento_mt,168.39,ativo,1_SFOR_1
2897,51281,51291,segmento_mt,121.3,ativo,1_SFOR_1
5308,51291,80431,segmento_mt,135.18,ativo,1_SFOR_1
2895,51301,51311,segmento_mt,73.82,ativo,1_SFOR_1
3834,5131,5161,segmento_mt,44.79,ativo,1_SFOR_1
2894,51311,50711,segmento_mt,79.17,ativo,1_SFOR_1
5211,51361,78841,segmento_mt,63.2,ativo,1_SFOR_1
2912,51371,78831,segmento_mt,49.41,ativo,1_SFOR_1
2913,51381,51371,segmento_mt,60.73,ativo,1_SFOR_1
2914,51391,51381,segmento_mt,118.78,ativo,1_SFOR_1
2915,51401,51391,segmento_mt,67.71,ativo,1_SFOR_1
2919,51421,1CF532,segmento_mt,25.19,ativo,1_SFOR_1
2918,51431,51441,segmento_mt,78.39,ativo,1_SFOR_1
2917,51441,51451,segmento_mt,162.63,ativo,1_SFOR_1
2916,51451,51401,segmento_mt,99.83,ativo,1_SFOR_1
2881,51461,51761,segmento_mt,79.85,ativo,1_SFOR_1
2882,51471,51461,segmento_mt,99.89,ativo,1_SFOR_1
2933,51481,1CF533,segmento_mt,101.25,ativo,1_SFOR_1
2934,51491,51481,segmento_mt,83.68,ativo,1_SFOR_1
2935,51501,51491,segmento_mt,113.85,ativo,1_SFOR_1
2939,51511,51521,segmento_mt,85.92,ativo,1_SFOR_1
2938,51521,51531,segmento_mt,161.36,ativo,1_SFOR_1
5828,51531,51541,segmento_mt,323.06,ativo,1_SFOR_1
5829,51541,51501,segmento_mt,362.25,ativo,1_SFOR_1
2844,51551,51101,segmento_mt,57.71,ativo,1_SFOR_1
2849,51561,1CF518,segmento_mt,45.14,ativo,1_SFOR_1
2845,51571,51551,segmento_mt,120.64,ativo,1_SFOR_1
2850,51581,51561,segmento_mt,198.44,ativo,1_SFOR_1
2851,51591,51581,segmento_mt,150.84,ativo,1_SFOR_1
2852,51601,51591,segmento_mt,95.39,ativo,1_SFOR_1
3833,5161,48471,segmento_mt,53.51,ativo,1_SFOR_1
2853,51611,51601,segmento_mt,170.6,ativo,1_SFOR_1
2854,51621,51611,segmento_mt,114.86,ativo,1_SFOR_1
2855,51631,1CF519,segmento_mt,31.47,ativo,1_SFOR_1
2846,51641,51571,segmento_mt,151.56,ativo,1_SFOR_1
2848,51651,1CF520,segmento_mt,21.15,ativo,1_SFOR_1
2847,51661,51641,segmento_mt,160.63,ativo,1_SFOR_1
2867,51671,51661,segmento_mt,88.95,ativo,1_SFOR_1
2868,51681,1CF521,segmento_mt,24.97,ativo,1_SFOR_1
2866,51711,51661,segmento_mt,162.86,ativo,1_SFOR_1
2871,51721,1CF522,segmento_mt,47.52,ativo,1_SFOR_1
2869,51731,51711,segmento_mt,169.58,ativo,1_SFOR_1
4797,51741,75801,segmento_mt,140.97,ativo,1_SFOR_1
2872,51751,51741,segmento_mt,147.79,ativo,1_SFOR_1
2884,51752,1FR523,segmento_mt,119.48,ativo,1_SFOR_1
2873,51761,51751,segmento_mt,71.94,ativo,1_SFOR_1
2880,51771,51752,segmento_mt,138.62,ativo,1_SFOR_1
2885,51781,51771,segmento_mt,113.99,ativo,1_SFOR_1
2785,51791,49901,segmento_mt,75.88,ativo,1_SFOR_1
2786,51801,51791,segmento_mt,77.25,ativo,1_SFOR_1
5261,51811,79651,segmento_mt,81.38,ativo,1_SFOR_1
2788,51821,1CS507,segmento_mt,154.02,ativo,1_SFOR_1
2789,51831,51821,segmento_mt,75.02,ativo,1_SFOR_1
2790,51841,51831,segmento_mt,77.38,ativo,1_SFOR_1
2791,51851,51841,segmento_mt,146.74,ativo,1_SFOR_1
2792,51861,51851,segmento_mt,123.11,ativo,1_SFOR_1
965,521,511,segmento_mt,41.6,ativo,1_SFOR_1
966,531,521,segmento_mt,42.69,ativo,1_SFOR_1
1186,5321,5331,segmento_mt,55.45,ativo,1_SFOR_1
4916,5322,1CS968,segmento_mt,57.45,ativo,1_SFOR_1
1185,5331,5341,segmento_mt,56.46,ativo,1_SFOR_1
4915,5332,5342,segmento_mt,58.46,ativo,1_SFOR_1
1184,5341,5361,segmento_mt,79.63,ativo,1_SFOR_1
4914,5342,5351,segmento_mt,39.27,ativo,1_SFOR_1
4913,5351,5362,segmento_mt,40.36,ativo,1_SFOR_1
1183,5361,5371,segmento_mt,42.11,ativo,1_SFOR_1
4912,5362,5372,segmento_mt,42.11,ativo,1_SFOR_1
1182,5371,5391,segmento_mt,69.6,ativo,1_SFOR_1
4911,5372,5381,segmento_mt,36.34,ativo,1_SFOR_1
4910,5381,5392,segmento_mt,33.26,ativo,1_SFOR_1
1181,5391,5411,segmento_mt,65.29,ativo,1_SFOR_1
4909,5392,5401,segmento_mt,39.85,ativo,1_SFOR_1
4908,5401,5412,segmento_mt,25.57,ativo,1_SFOR_1
967,541,531,segmento_mt,48.35,ativo,1_SFOR_1
1180,5411,48771,segmento_mt,53.49,ativo,1_SFOR_1
4907,5412,48772,segmento_mt,55.49,ativo,1_SFOR_1
4917,5421,5322,segmento_mt,46.87,ativo,1_SFOR_1
1187,5431,5321,segmento_mt,95.36,ativo,1_SFOR_1
4918,5432,5421,segmento_mt,52.63,ativo,1_SFOR_1
1210,5441,5431,segmento_mt,72.22,ativo,1_SFOR_1
4919,5442,5432,segmento_mt,72.22,ativo,1_SFOR_1
4920,5472,5442,segmento_mt,61.56,ativo,1_SFOR_1
5660,5473,1CS969,segmento_mt,12.45,ativo,1_SFOR_1
968,551,541,segmento_mt,42.9,ativo,1_SFOR_1
315,5631,5641,segmento_mt,31.43,ativo,1_SFOR_1
314,5641,5651,segmento_mt,29.09,ativo,1_SFOR_1
313,5651,5661,segmento_mt,25.43,ativo,1_SFOR_1
316,5661,40171,segmento_mt,13.53,ativo,1_SFOR_1
311,5671,5681,segmento_mt,36.48,ativo,1_SFOR_1
310,5681,1CF181,segmento_mt,34.96,ativo,1_SFOR_1
309,5691,5701,segmento_mt,31.78,ativo,1_SFOR_1
308,5701,5721,segmento_mt,19.89,ativo,1_SFOR_1
307,5721,5731,segmento_mt,25.83,ativo,1_SFOR_1
306,5731,5741,segmento_mt,44.19,ativo,1_SFOR_1
325,5741,40181,segmento_mt,28.28,ativo,1_SFOR_1
304,5751,1CF182,segmento_mt,44.28,ativo,1_SFOR_1
303,5771,12971,segmento_mt,41.71,ativo,1_SFOR_1
4851,5851,5861,segmento_mt,33.16,ativo,1_SFOR_1
4850,5861,5881,segmento_mt,56.63,ativo,1_SFOR_1
4849,5881,5891,segmento_mt,35.83,ativo,1_SFOR_1
4898,5891,5901,segmento_mt,40.92,ativo,1_SFOR_1
4847,5901,5921,segmento_mt,43.06,ativo,1_SFOR_1
4846,5921,5941,segmento_mt,42.94,ativo,1_SFOR_1
4845,5941,5951,segmento_mt,32.94,ativo,1_SFOR_1
4844,5951,5961,segmento_mt,22.45,ativo,1_SFOR_1
4843,5961,1CS973,segmento_mt,43.13,ativo,1_SFOR_1
969,601,1CF42,segmento_mt,11.05,ativo,1_SFOR_1
970,611,551,segmento_mt,52.96,ativo,1_SFOR_1
971,631,611,segmento_mt,75.16,ativo,1_SFOR_1
972,641,631,segmento_mt,43.54,ativo,1_SFOR_1
973,651,641,segmento_mt,97.02,ativo,1_SFOR_1
915,6601,40481,segmento_mt,53.21,ativo,1_SFOR_1
914,6611,6601,segmento_mt,38.33,ativo,1_SFOR_1
913,6621,6611,segmento_mt,36.54,ativo,1_SFOR_1
912,6631,6621,segmento_mt,36.79,ativo,1_SFOR_1
911,6641,6631,segmento_mt,23.83,ativo,1_SFOR_1
3835,66461,1CF183,segmento_mt,25.62,ativo,1_SFOR_1
3836,66481,1CS188,segmento_mt,51.09,ativo,1_SFOR_1
3838,66491,1CF196,segmento_mt,34.14,ativo,1_SFOR_1
3839,66501,66491,segmento_mt,18.99,ativo,1_SFOR_1
910,6651,6641,segmento_mt,24.16,ativo,1_SFOR_1
3840,66511,66501,segmento_mt,17.53,ativo,1_SFOR_1
4694,66521,66511,segmento_mt,35.01,ativo,1_SFOR_1
908,6661,40471,segmento_mt,17.2,ativo,1_SFOR_1
3850,66881,1CF221,segmento_mt,14.46,ativo,1_SFOR_1
895,6701,6721,segmento_mt,37.88,ativo,1_SFOR_1
974,671,1CF43,segmento_mt,295.76,ativo,1_SFOR_1
4536,6721,72261,segmento_mt,24.2,ativo,1_SFOR_1
893,6731,6741,segmento_mt,10.3,ativo,1_SFOR_1
892,6741,6751,segmento_mt,40.3,ativo,1_SFOR_1
891,6751,6761,segmento_mt,28.59,ativo,1_SFOR_1
890,6761,6771,segmento_mt,34.94,ativo,1_SFOR_1
889,6771,1CF101,segmento_mt,20.0,ativo,1_SFOR_1
888,6781,1CF102,segmento_mt,21.7,ativo,1_SFOR_1
975,681,1CF44,segmento_mt,69.66,ativo,1_SFOR_1
4670,68151,1CF940,segmento_mt,35.23,ativo,1_SFOR_1
3886,68181,1CF564,segmento_mt,9.3,ativo,1_SFOR_1
3887,68191,37991,segmento_mt,52.84,ativo,1_SFOR_1
3888,68201,68191,segmento_mt,37.76,ativo,1_SFOR_1
1192,68231,5101,segmento_mt,38.04,ativo,1_SFOR_1
906,6881,1CF111,segmento_mt,30.2,ativo,1_SFOR_1
1216,68821,45291,segmento_mt,7.65,ativo,1_SFOR_1
5561,68831,1CF16,segmento_mt,6.04,ativo,1_SFOR_1
3927,68851,18401,segmento_mt,12.0,ativo,1_SFOR_1
1956,68901,1CF970,segmento_mt,8.42,ativo,1_SFOR_1
898,6901,4481,segmento_mt,19.96,ativo,1_SFOR_1
4198,69021,1CF281,segmento_mt,14.98,ativo,1_SFOR_1
4223,69141,1CF897,segmento_mt,17.09,ativo,1_SFOR_1
938,69181,3441,segmento_mt,25.23,ativo,1_SFOR_1
4796,6951,75791,segmento_mt,47.5,ativo,1_SFOR_1
882,69511,4851,segmento_mt,16.67,ativo,1_SFOR_1
4247,69521,1CF855,segmento_mt,14.68,ativo,1_SFOR_1
4308,70681,141,segmento_mt,21.77,ativo,1_SFOR_1
4345,70971,1CS873,segmento_mt,10.49,ativo,1_SFOR_1
4350,71001,35831,segmento_mt,53.0,ativo,1_SFOR_1
4356,71051,2641,segmento_mt,38.89,ativo,1_SFOR_1
4357,71061,71051,segmento_mt,36.0,ativo,1_SFOR_1
4359,71071,71171,segmento_mt,17.18,ativo,1_SFOR_1
5148,71081,71071,segmento_mt,33.56,ativo,1_SFOR_1
4360,71091,71171,segmento_mt,11.34,ativo,1_SFOR_1
4363,71121,71191,segmento_mt,21.4,ativo,1_SFOR_1
4362,71131,1CF887,segmento_mt,22.29,ativo,1_SFOR_1
4358,71171,71061,segmento_mt,6.83,ativo,1_SFOR_1
4361,71191,71171,segmento_mt,7.01,ativo,1_SFOR_1
2615,71281,1CF469,segmento_mt,55.57,ativo,1_SFOR_1
4901,71291,12961,segmento_mt,20.98,ativo,1_SFOR_1
1264,71361,10551,segmento_mt,24.13,ativo,1_SFOR_1
4369,71391,12701,segmento_mt,9.99,ativo,1_SFOR_1
4447,71431,71441,segmento_mt,81.02,ativo,1_SFOR_1
4446,71441,71451,segmento_mt,88.68,ativo,1_SFOR_1
4445,71451,71461,segmento_mt,89.57,ativo,1_SFOR_1
4444,71461,71471,segmento_mt,92.21,ativo,1_SFOR_1
4443,71471,71482,segmento_mt,123.94,ativo,1_SFOR_1
4992,71482,76451,segmento_mt,127.17,ativo,1_SFOR_1
4441,71491,71501,segmento_mt,244.59,ativo,1_SFOR_1
4440,71501,71511,segmento_mt,116.31,ativo,1_SFOR_1
4439,71511,71521,segmento_mt,120.62,ativo,1_SFOR_1
4438,71521,71531,segmento_mt,88.5,ativo,1_SFOR_1
4437,71531,71541,segmento_mt,107.27,ativo,1_SFOR_1
4436,71541,1CF534,segmento_mt,94.45,ativo,1_SFOR_1
4435,71551,51511,segmento_mt,151.14,ativo,1_SFOR_1
4449,71561,71551,segmento_mt,156.16,ativo,1_SFOR_1
4450,71571,1CF538,segmento_mt,145.36,ativo,1_SFOR_1
4451,71581,71571,segmento_mt,99.5,ativo,1_SFOR_1
4452,71591,71581,segmento_mt,82.85,ativo,1_SFOR_1
4453,71601,71591,segmento_mt,85.64,ativo,1_SFOR_1
4454,71611,71601,segmento_mt,100.66,ativo,1_SFOR_1
4455,71621,71611,segmento_mt,322.58,ativo,1_SFOR_1
4456,71631,71621,segmento_mt,143.0,ativo,1_SFOR_1
4457,71641,1CF539,segmento_mt,115.63,ativo,1_SFOR_1
2044,71731,38021,segmento_mt,193.68,ativo,1_SFOR_1
4465,71741,1CF633,segmento_mt,64.04,ativo,1_SFOR_1
4466,71751,71741,segmento_mt,83.24,ativo,1_SFOR_1
4991,71812,10101,segmento_mt,51.24,ativo,1_SFOR_1
4524,72051,1CF917,segmento_mt,42.12,ativo,1_SFOR_1
4525,72061,72051,segmento_mt,26.65,ativo,1_SFOR_1
4526,72071,72061,segmento_mt,28.08,ativo,1_SFOR_1
4527,72081,72071,segmento_mt,30.52,ativo,1_SFOR_1
4528,72091,72081,segmento_mt,29.91,ativo,1_SFOR_1
4529,72101,72091,segmento_mt,30.94,ativo,1_SFOR_1
4530,72111,72101,segmento_mt,29.57,ativo,1_SFOR_1
4531,72121,1CF918,segmento_mt,29.61,ativo,1_SFOR_1
4823,72221,38911,segmento_mt,49.13,ativo,1_SFOR_1
894,72261,6731,segmento_mt,14.0,ativo,1_SFOR_1
4574,72352,1TA210,segmento_mt,16.11,ativo,1_SFOR_1
4546,72361,1CF920,segmento_mt,5.94,ativo,1_SFOR_1
4550,72411,38521,segmento_mt,61.61,ativo,1_SFOR_1
4551,72421,72411,segmento_mt,52.29,ativo,1_SFOR_1
4552,72431,1CF922,segmento_mt,98.28,ativo,1_SFOR_1
887,7251,7261,segmento_mt,24.06,ativo,1_SFOR_1
886,7261,7271,segmento_mt,23.84,ativo,1_SFOR_1
4579,72641,1CF923,segmento_mt,45.04,ativo,1_SFOR_1
4580,72651,72641,segmento_mt,55.3,ativo,1_SFOR_1
4581,72661,72651,segmento_mt,46.91,ativo,1_SFOR_1
4582,72671,72661,segmento_mt,55.03,ativo,1_SFOR_1
885,7271,1CF104,segmento_mt,11.15,ativo,1_SFOR_1
5188,72941,1CF928,segmento_mt,14.89,ativo,1_SFOR_1
4602,72981,1CF69,segmento_mt,58.95,ativo,1_SFOR_1
5401,73021,1CF1049,segmento_mt,54.78,ativo,1_SFOR_1
5402,73031,73021,segmento_mt,59.86,ativo,1_SFOR_1
5403,73041,73031,segmento_mt,61.49,ativo,1_SFOR_1
4603,73051,72981,segmento_mt,59.4,ativo,1_SFOR_1
4604,73061,73051,segmento_mt,57.19,ativo,1_SFOR_1
4605,73071,73061,segmento_mt,67.45,ativo,1_SFOR_1
4606,73081,1CF942,segmento_mt,111.79,ativo,1_SFOR_1
4610,73141,1CF489,segmento_mt,30.67,ativo,1_SFOR_1
4611,73151,73141,segmento_mt,9.07,ativo,1_SFOR_1
4612,73161,1CF484,segmento_mt,57.04,ativo,1_SFOR_1
4613,73171,73161,segmento_mt,78.02,ativo,1_SFOR_1
4614,73191,73171,segmento_mt,245.86,ativo,1_SFOR_1
4616,73201,1CS490,segmento_mt,117.16,ativo,1_SFOR_1
4617,73211,73201,segmento_mt,115.33,ativo,1_SFOR_1
4618,73221,73211,segmento_mt,91.76,ativo,1_SFOR_1
4619,73231,73221,segmento_mt,181.13,ativo,1_SFOR_1
4620,73241,73231,segmento_mt,158.56,ativo,1_SFOR_1
4621,73251,73241,segmento_mt,144.63,ativo,1_SFOR_1
4622,73261,73251,segmento_mt,122.96,ativo,1_SFOR_1
4623,73271,73261,segmento_mt,169.76,ativo,1_SFOR_1
4624,73281,73271,segmento_mt,136.47,ativo,1_SFOR_1
4625,73291,73281,segmento_mt,152.51,ativo,1_SFOR_1
4626,73301,73291,segmento_mt,101.19,ativo,1_SFOR_1
4627,73311,73301,segmento_mt,190.58,ativo,1_SFOR_1
4628,73321,73311,segmento_mt,139.89,ativo,1_SFOR_1
4629,73331,73321,segmento_mt,78.81,ativo,1_SFOR_1
4630,73341,73331,segmento_mt,92.14,ativo,1_SFOR_1
4631,73351,73341,segmento_mt,79.28,ativo,1_SFOR_1
4632,73361,73351,segmento_mt,158.43,ativo,1_SFOR_1
4633,73371,73361,segmento_mt,86.73,ativo,1_SFOR_1
4634,73381,73371,segmento_mt,120.01,ativo,1_SFOR_1
4635,73391,73381,segmento_mt,163.3,ativo,1_SFOR_1
4636,73401,73391,segmento_mt,106.38,ativo,1_SFOR_1
4637,73411,73401,segmento_mt,74.2,ativo,1_SFOR_1
4638,73421,73411,segmento_mt,138.0,ativo,1_SFOR_1
4639,73431,73421,segmento_mt,73.86,ativo,1_SFOR_1
4640,73441,73431,segmento_mt,117.35,ativo,1_SFOR_1
4641,73451,73441,segmento_mt,44.34,ativo,1_SFOR_1
4643,73461,1CF499,segmento_mt,181.64,ativo,1_SFOR_1
4644,73471,73461,segmento_mt,259.16,ativo,1_SFOR_1
4645,73481,73471,segmento_mt,94.28,ativo,1_SFOR_1
4646,73491,73481,segmento_mt,98.73,ativo,1_SFOR_1
4647,73501,73491,segmento_mt,202.57,ativo,1_SFOR_1
4648,73511,73501,segmento_mt,80.96,ativo,1_SFOR_1
4649,73521,73511,segmento_mt,93.12,ativo,1_SFOR_1
4650,73531,73521,segmento_mt,352.61,ativo,1_SFOR_1
4651,73541,1CF500,segmento_mt,45.72,ativo,1_SFOR_1
4659,73551,1CF965,segmento_mt,15.52,ativo,1_SFOR_1
5070,73561,77021,segmento_mt,46.2,ativo,1_SFOR_1
5071,73571,1CF989,segmento_mt,42.02,ativo,1_SFOR_1
4678,73791,1801,segmento_mt,110.92,ativo,1_SFOR_1
4679,73801,73791,segmento_mt,205.74,ativo,1_SFOR_1
4680,73811,73801,segmento_mt,103.31,ativo,1_SFOR_1
4681,73821,1CF935,segmento_mt,50.83,ativo,1_SFOR_1
4695,74271,66521,segmento_mt,19.49,ativo,1_SFOR_1
4696,74281,1CF945,segmento_mt,25.04,ativo,1_SFOR_1
977,74591,1CS89,segmento_mt,13.37,ativo,1_SFOR_1
931,74611,3421,segmento_mt,23.82,ativo,1_SFOR_1
4708,74631,1CF951,segmento_mt,37.13,ativo,1_SFOR_1
4831,75141,38951,segmento_mt,70.43,ativo,1_SFOR_1
5681,75311,45521,segmento_mt,47.08,ativo,1_SFOR_1
4747,75331,35361,segmento_mt,29.57,ativo,1_SFOR_1
4748,75341,75331,segmento_mt,33.7,ativo,1_SFOR_1
4772,75371,2521,segmento_mt,38.76,ativo,1_SFOR_1
4776,75381,2551,segmento_mt,29.34,ativo,1_SFOR_1
4777,75391,75381,segmento_mt,36.9,ativo,1_SFOR_1
4778,75401,75391,segmento_mt,40.86,ativo,1_SFOR_1
4783,75411,1731,segmento_mt,32.73,ativo,1_SFOR_1
4787,75421,75751,segmento_mt,12.16,ativo,1_SFOR_1
4788,75431,75751,segmento_mt,13.11,ativo,1_SFOR_1
4789,75441,75431,segmento_mt,34.18,ativo,1_SFOR_1
4790,75451,75441,segmento_mt,34.6,ativo,1_SFOR_1
4791,75461,75451,segmento_mt,35.46,ativo,1_SFOR_1
4792,75471,75461,segmento_mt,39.43,ativo,1_SFOR_1
4793,75481,75471,segmento_mt,41.38,ativo,1_SFOR_1
4794,75491,75481,segmento_mt,39.62,ativo,1_SFOR_1
4780,75751,2561,segmento_mt,11.92,ativo,1_SFOR_1
4795,75791,1CF184,segmento_mt,21.94,ativo,1_SFOR_1
2870,75801,51731,segmento_mt,17.41,ativo,1_SFOR_1
4798,75811,1CF966,segmento_mt,25.0,ativo,1_SFOR_1
4800,75971,45891,segmento_mt,79.92,ativo,1_SFOR_1
5000,76001,39011,segmento_mt,6.6,ativo,1_SFOR_1
5056,76021,1CF967,segmento_mt,49.84,ativo,1_SFOR_1
5057,76031,76021,segmento_mt,35.69,ativo,1_SFOR_1
4938,76041,38842,segmento_mt,37.75,ativo,1_SFOR_1
4936,76051,38832,segmento_mt,62.95,ativo,1_SFOR_1
4934,76061,76071,segmento_mt,47.86,ativo,1_SFOR_1
4933,76071,38802,segmento_mt,46.57,ativo,1_SFOR_1
4931,76081,76091,segmento_mt,50.66,ativo,1_SFOR_1
4930,76091,76101,segmento_mt,46.2,ativo,1_SFOR_1
4929,76101,38722,segmento_mt,31.08,ativo,1_SFOR_1
4927,76111,38712,segmento_mt,30.35,ativo,1_SFOR_1
4925,76121,38702,segmento_mt,34.2,ativo,1_SFOR_1
5571,76131,84871,segmento_mt,2.99,ativo,1_SFOR_1
5565,76141,1CS1062,segmento_mt,27.62,ativo,1_SFOR_1
4857,76161,76171,segmento_mt,19.34,ativo,1_SFOR_1
4856,76171,76181,segmento_mt,22.2,ativo,1_SFOR_1
4855,76181,76191,segmento_mt,44.09,ativo,1_SFOR_1
4854,76191,76201,segmento_mt,24.57,ativo,1_SFOR_1
4853,76201,76211,segmento_mt,42.7,ativo,1_SFOR_1
4852,76211,5851,segmento_mt,41.06,ativo,1_SFOR_1
4838,76221,1CF971,segmento_mt,16.49,ativo,1_SFOR_1
5566,76231,76131,segmento_mt,8.33,ativo,1_SFOR_1
1254,76241,12131,segmento_mt,16.71,ativo,1_SFOR_1
4985,76401,12693,segmento_mt,16.95,ativo,1_SFOR_1
4442,76451,71491,segmento_mt,112.47,ativo,1_SFOR_1
4995,76461,19361,segmento_mt,18.05,ativo,1_SFOR_1
5003,76491,651,segmento_mt,81.84,ativo,1_SFOR_1
5004,76501,1CF1100,segmento_mt,89.05,ativo,1_SFOR_1
5005,76511,76501,segmento_mt,94.9,ativo,1_SFOR_1
5006,76521,76511,segmento_mt,102.74,ativo,1_SFOR_1
5007,76531,76521,segmento_mt,101.04,ativo,1_SFOR_1
5008,76541,76531,segmento_mt,140.83,ativo,1_SFOR_1
5009,76551,1CF977,segmento_mt,76.46,ativo,1_SFOR_1
5010,76571,76551,segmento_mt,46.17,ativo,1_SFOR_1
5333,76741,3241,segmento_mt,27.39,ativo,1_SFOR_1
5058,76891,76031,segmento_mt,37.8,ativo,1_SFOR_1
5059,76901,76891,segmento_mt,40.2,ativo,1_SFOR_1
5060,76911,76901,segmento_mt,30.38,ativo,1_SFOR_1
5069,77021,4291,segmento_mt,9.18,ativo,1_SFOR_1
5113,77201,72671,segmento_mt,38.28,ativo,1_SFOR_1
5114,77211,1CF64,segmento_mt,25.7,ativo,1_SFOR_1
5115,77241,77211,segmento_mt,27.17,ativo,1_SFOR_1
5116,77251,77241,segmento_mt,31.76,ativo,1_SFOR_1
5117,77281,77251,segmento_mt,33.64,ativo,1_SFOR_1
5118,77291,77281,segmento_mt,16.59,ativo,1_SFOR_1
5119,77301,77291,segmento_mt,31.02,ativo,1_SFOR_1
5223,77311,1CF1014,segmento_mt,25.26,ativo,1_SFOR_1
5224,77321,77311,segmento_mt,29.99,ativo,1_SFOR_1
5120,77331,77301,segmento_mt,28.98,ativo,1_SFOR_1
5121,77361,77331,segmento_mt,30.05,ativo,1_SFOR_1
5122,77371,77361,segmento_mt,35.02,ativo,1_SFOR_1
5123,77381,77371,segmento_mt,33.52,ativo,1_SFOR_1
5124,77391,77381,segmento_mt,31.49,ativo,1_SFOR_1
5125,77401,77391,segmento_mt,29.48,ativo,1_SFOR_1
5126,77411,77401,segmento_mt,30.27,ativo,1_SFOR_1
5127,77421,77411,segmento_mt,30.7,ativo,1_SFOR_1
5137,77731,5131,segmento_mt,12.84,ativo,1_SFOR_1
5138,77741,5131,segmento_mt,17.82,ativo,1_SFOR_1
5139,77751,1CF995,segmento_mt,46.11,ativo,1_SFOR_1
5140,77821,77751,segmento_mt,38.8,ativo,1_SFOR_1
5141,77951,38951,segmento_mt,57.31,ativo,1_SFOR_1
5142,77961,1CF996,segmento_mt,52.06,ativo,1_SFOR_1
5143,77971,77961,segmento_mt,22.39,ativo,1_SFOR_1
5144,77981,77971,segmento_mt,30.51,ativo,1_SFOR_1
5145,77991,77981,segmento_mt,47.98,ativo,1_SFOR_1
5146,78001,77991,segmento_mt,47.36,ativo,1_SFOR_1
5149,78041,71081,segmento_mt,27.01,ativo,1_SFOR_1
5150,78051,1CF998,segmento_mt,23.99,ativo,1_SFOR_1
5159,78161,1CF1003,segmento_mt,54.95,ativo,1_SFOR_1
5160,78171,78161,segmento_mt,43.06,ativo,1_SFOR_1
5168,78201,1CF1004,segmento_mt,60.07,ativo,1_SFOR_1
5205,78741,78751,segmento_mt,229.19,ativo,1_SFOR_1
5204,78751,1CF1011,segmento_mt,135.36,ativo,1_SFOR_1
5216,78761,50101,segmento_mt,105.47,ativo,1_SFOR_1
5212,78771,78781,segmento_mt,124.99,ativo,1_SFOR_1
2905,78781,51211,segmento_mt,118.7,ativo,1_SFOR_1
5207,78791,78781,segmento_mt,117.29,ativo,1_SFOR_1
5217,78801,78791,segmento_mt,57.99,ativo,1_SFOR_1
5208,78811,78801,segmento_mt,68.55,ativo,1_SFOR_1
5209,78821,78811,segmento_mt,108.28,ativo,1_SFOR_1
5210,78831,78821,segmento_mt,108.07,ativo,1_SFOR_1
2920,78841,1CF531,segmento_mt,80.87,ativo,1_SFOR_1
5218,78881,18341,segmento_mt,25.26,ativo,1_SFOR_1
5219,78891,1CF1012,segmento_mt,37.8,ativo,1_SFOR_1
5220,78941,78891,segmento_mt,36.37,ativo,1_SFOR_1
5221,78951,78941,segmento_mt,37.48,ativo,1_SFOR_1
5222,79001,78951,segmento_mt,38.76,ativo,1_SFOR_1
5225,79131,77321,segmento_mt,77.76,ativo,1_SFOR_1
5226,79141,79131,segmento_mt,84.29,ativo,1_SFOR_1
5228,79191,45941,segmento_mt,129.41,ativo,1_SFOR_1
5229,79201,79191,segmento_mt,123.27,ativo,1_SFOR_1
5230,79211,79201,segmento_mt,105.23,ativo,1_SFOR_1
5231,79221,79211,segmento_mt,131.81,ativo,1_SFOR_1
5232,79231,79221,segmento_mt,93.44,ativo,1_SFOR_1
5233,79241,79231,segmento_mt,89.07,ativo,1_SFOR_1
5234,79251,79241,segmento_mt,147.12,ativo,1_SFOR_1
2571,79261,1CF461,segmento_mt,20.15,ativo,1_SFOR_1
5235,79271,79251,segmento_mt,26.27,ativo,1_SFOR_1
5236,79281,79271,segmento_mt,88.76,ativo,1_SFOR_1
5237,79291,79281,segmento_mt,115.11,ativo,1_SFOR_1
5238,79301,79291,segmento_mt,164.23,ativo,1_SFOR_1
5239,79311,79301,segmento_mt,138.85,ativo,1_SFOR_1
5253,79432,79441,segmento_mt,63.43,ativo,1_SFOR_1
5252,79441,47011,segmento_mt,139.94,ativo,1_SFOR_1
5255,79461,1CF1017,segmento_mt,58.52,ativo,1_SFOR_1
2787,79651,51801,segmento_mt,73.16,ativo,1_SFOR_1
1917,79991,36721,segmento_mt,27.22,ativo,1_SFOR_1
1915,80001,44441,segmento_mt,24.09,ativo,1_SFOR_1
5287,80021,80241,segmento_mt,6.72,ativo,1_SFOR_1
5288,80031,80241,segmento_mt,27.3,ativo,1_SFOR_1
5289,80041,1CF575,segmento_mt,36.86,ativo,1_SFOR_1
5290,80051,80041,segmento_mt,38.13,ativo,1_SFOR_1
5291,80061,80051,segmento_mt,55.92,ativo,1_SFOR_1
5286,80071,80241,segmento_mt,17.33,ativo,1_SFOR_1
5283,80081,1CF1025,segmento_mt,26.34,ativo,1_SFOR_1
5284,80091,80081,segmento_mt,26.02,ativo,1_SFOR_1
5281,80201,80211,segmento_mt,25.18,ativo,1_SFOR_1
5280,80211,80221,segmento_mt,34.31,ativo,1_SFOR_1
5279,80221,80231,segmento_mt,35.03,ativo,1_SFOR_1
5278,80231,1CF1024,segmento_mt,27.56,ativo,1_SFOR_1
5282,80241,79991,segmento_mt,10.79,ativo,1_SFOR_1
2896,80431,51301,segmento_mt,96.3,ativo,1_SFOR_1
5309,80441,1CF1029,segmento_mt,124.75,ativo,1_SFOR_1
5310,80451,80441,segmento_mt,102.44,ativo,1_SFOR_1
5311,80461,80451,segmento_mt,51.82,ativo,1_SFOR_1
5312,80471,80461,segmento_mt,63.25,ativo,1_SFOR_1
5313,80472,1CF1030,segmento_mt,63.25,ativo,1_SFOR_1
5334,80631,1CF1036,segmento_mt,47.79,ativo,1_SFOR_1
5335,80651,19371,segmento_mt,40.12,ativo,1_SFOR_1
5336,80711,1CF1037,segmento_mt,36.9,ativo,1_SFOR_1
5339,80721,80711,segmento_mt,30.48,ativo,1_SFOR_1
5340,80731,80721,segmento_mt,35.58,ativo,1_SFOR_1
5337,80771,80731,segmento_mt,43.9,ativo,1_SFOR_1
5338,80781,80771,segmento_mt,29.31,ativo,1_SFOR_1
5342,80921,1CF364,segmento_mt,9.78,ativo,1_SFOR_1
172,81571,1CO366,segmento_mt,8.54,ativo,1_SFOR_1
1993,81731,38491,segmento_mt,24.49,ativo,1_SFOR_1
4962,8191,8201,segmento_mt,47.54,ativo,1_SFOR_1
4961,8201,8211,segmento_mt,40.89,ativo,1_SFOR_1
825,82091,1CF94,segmento_mt,9.12,ativo,1_SFOR_1
1163,8211,8221,segmento_mt,70.97,ativo,1_SFOR_1
1162,8221,8251,segmento_mt,38.77,ativo,1_SFOR_1
1161,8251,8261,segmento_mt,41.65,ativo,1_SFOR_1
1160,8261,8272,segmento_mt,42.69,ativo,1_SFOR_1
4568,8272,8282,segmento_mt,36.44,ativo,1_SFOR_1
4572,8282,12683,segmento_mt,43.93,ativo,1_SFOR_1
5467,83261,3361,segmento_mt,40.09,ativo,1_SFOR_1
5469,83291,51791,segmento_mt,33.98,ativo,1_SFOR_1
4963,8331,8191,segmento_mt,56.02,ativo,1_SFOR_1
5470,83311,83291,segmento_mt,104.85,ativo,1_SFOR_1
5477,83471,38281,segmento_mt,76.52,ativo,1_SFOR_1
5478,83481,1CF1008,segmento_mt,61.87,ativo,1_SFOR_1
5479,83491,83481,segmento_mt,85.33,ativo,1_SFOR_1
4965,8351,1CF185,segmento_mt,35.31,ativo,1_SFOR_1
5491,83801,37341,segmento_mt,54.04,ativo,1_SFOR_1
5492,83811,1CF1059,segmento_mt,136.04,ativo,1_SFOR_1
5493,83821,83811,segmento_mt,128.57,ativo,1_SFOR_1
5494,83831,83821,segmento_mt,127.82,ativo,1_SFOR_1
5495,83841,83831,segmento_mt,117.3,ativo,1_SFOR_1
5496,83851,83841,segmento_mt,81.12,ativo,1_SFOR_1
2180,83941,36221,segmento_mt,220.39,ativo,1_SFOR_1
1229,83951,38731,segmento_mt,50.1,ativo,1_SFOR_1
5500,83961,1CF1060,segmento_mt,27.96,ativo,1_SFOR_1
5501,83971,83961,segmento_mt,185.8,ativo,1_SFOR_1
5502,83981,83971,segmento_mt,54.41,ativo,1_SFOR_1
5503,83991,83981,segmento_mt,42.0,ativo,1_SFOR_1
5504,84001,83991,segmento_mt,22.22,ativo,1_SFOR_1
5505,84061,84001,segmento_mt,42.15,ativo,1_SFOR_1
5506,84081,84061,segmento_mt,35.69,ativo,1_SFOR_1
5507,84091,1CF1061,segmento_mt,25.73,ativo,1_SFOR_1
5512,84351,71431,segmento_mt,49.32,ativo,1_SFOR_1
5513,84361,1CF1066,segmento_mt,33.29,ativo,1_SFOR_1
5514,84371,84351,segmento_mt,56.66,ativo,1_SFOR_1
5518,84411,36841,segmento_mt,57.2,ativo,1_SFOR_1
5519,84421,47661,segmento_mt,34.89,ativo,1_SFOR_1
5520,84431,1CF1065,segmento_mt,21.48,ativo,1_SFOR_1
5522,84451,48371,segmento_mt,126.62,ativo,1_SFOR_1
5523,84461,84451,segmento_mt,85.13,ativo,1_SFOR_1
5562,84821,1RL974,segmento_mt,5.42,ativo,1_SFOR_1
5563,84831,68831,segmento_mt,3.97,ativo,1_SFOR_1
5567,84841,76141,segmento_mt,9.42,ativo,1_SFOR_1
5568,84851,1CF1081,segmento_mt,5.11,ativo,1_SFOR_1
5569,84861,1RL975,segmento_mt,10.45,ativo,1_SFOR_1
5570,84871,1CF1080,segmento_mt,4.72,ativo,1_SFOR_1
5564,84872,1CS1069,segmento_mt,10.15,ativo,1_SFOR_1
5573,84881,1CS371,segmento_mt,16.07,ativo,1_SFOR_1
5574,84891,1CF1082,segmento_mt,2.96,ativo,1_SFOR_1
5575,84901,1RL976,segmento_mt,5.56,ativo,1_SFOR_1
5576,84911,1CS1070,segmento_mt,5.67,ativo,1_SFOR_1
5577,84912,1CF1083,segmento_mt,3.08,ativo,1_SFOR_1
227,8501,1CF186,segmento_mt,21.78,ativo,1_SFOR_1
228,8511,8501,segmento_mt,29.85,ativo,1_SFOR_1
229,8521,8511,segmento_mt,19.36,ativo,1_SFOR_1
5643,85581,1CF1095,segmento_mt,41.31,ativo,1_SFOR_1
1307,85643,1CS218,segmento_mt,38.99,ativo,1_SFOR_1
5655,85653,23621,segmento_mt,3.27,ativo,1_SFOR_1
5659,85673,12701,segmento_mt,2.24,ativo,1_SFOR_1
5670,85741,1CF1078,segmento_mt,49.84,ativo,1_SFOR_1
5671,85751,1CF558,segmento_mt,62.49,ativo,1_SFOR_1
5682,85811,75311,segmento_mt,83.72,ativo,1_SFOR_1
1250,8601,12181,segmento_mt,22.37,ativo,1_SFOR_1
5717,86381,86391,segmento_mt,29.9,ativo,1_SFOR_1
5718,86391,10211,segmento_mt,41.28,ativo,1_SFOR_1
1152,8701,1CF187,segmento_mt,21.63,ativo,1_SFOR_1
1151,8721,8751,segmento_mt,58.51,ativo,1_SFOR_1
1150,8751,1CF190,segmento_mt,35.92,ativo,1_SFOR_1
3837,8771,66481,segmento_mt,12.3,ativo,1_SFOR_1
5794,87861,35421,segmento_mt,45.32,ativo,1_SFOR_1
5795,87871,1CF1109,segmento_mt,3.1,ativo,1_SFOR_1
1148,8801,40181,segmento_mt,33.85,ativo,1_SFOR_1
326,8811,40181,segmento_mt,11.93,ativo,1_SFOR_1
327,8821,8811,segmento_mt,31.88,ativo,1_SFOR_1
5830,88221,51541,segmento_mt,89.94,ativo,1_SFOR_1
5831,88231,88221,segmento_mt,81.28,ativo,1_SFOR_1
5833,88261,88271,segmento_mt,40.84,ativo,1_SFOR_1
5834,88271,88281,segmento_mt,40.13,ativo,1_SFOR_1
5835,88281,88291,segmento_mt,23.67,ativo,1_SFOR_1
5836,88291,88301,segmento_mt,25.96,ativo,1_SFOR_1
5837,88301,88311,segmento_mt,33.48,ativo,1_SFOR_1
328,8831,1CS189,segmento_mt,39.19,ativo,1_SFOR_1
5838,88311,88321,segmento_mt,23.32,ativo,1_SFOR_1
5839,88321,88331,segmento_mt,32.15,ativo,1_SFOR_1
5840,88331,88341,segmento_mt,33.36,ativo,1_SFOR_1
5841,88341,88351,segmento_mt,40.09,ativo,1_SFOR_1
5842,88351,88361,segmento_mt,29.0,ativo,1_SFOR_1
5843,88361,88371,segmento_mt,25.14,ativo,1_SFOR_1
5844,88371,88381,segmento_mt,22.1,ativo,1_SFOR_1
5845,88381,88391,segmento_mt,35.36,ativo,1_SFOR_1
5846,88391,88401,segmento_mt,37.0,ativo,1_SFOR_1
5847,88401,88411,segmento_mt,28.02,ativo,1_SFOR_1
329,8841,8831,segmento_mt,31.26,ativo,1_SFOR_1
5848,88411,88421,segmento_mt,30.2,ativo,1_SFOR_1
5849,88421,1CF961,segmento_mt,32.45,ativo,1_SFOR_1
5850,88431,88261,segmento_mt,31.85,ativo,1_SFOR_1
5851,88441,88431,segmento_mt,37.43,ativo,1_SFOR_1
5852,88451,1CF1111,segmento_mt,54.29,ativo,1_SFOR_1
5857,88461,1CF468,segmento_mt,9.9,ativo,1_SFOR_1
330,8851,8841,segmento_mt,36.54,ativo,1_SFOR_1
331,8861,8851,segmento_mt,32.52,ativo,1_SFOR_1
1157,8871,8861,segmento_mt,27.81,ativo,1_SFOR_1
333,8881,8871,segmento_mt,43.74,ativo,1_SFOR_1
334,8891,8881,segmento_mt,32.78,ativo,1_SFOR_1
335,8901,8891,segmento_mt,32.05,ativo,1_SFOR_1
5985,89671,1CF1121,segmento_mt,76.98,ativo,1_SFOR_1
5986,89681,89691,segmento_mt,37.24,ativo,1_SFOR_1
5987,89691,89701,segmento_mt,54.27,ativo,1_SFOR_1
5988,89701,89711,segmento_mt,70.0,ativo,1_SFOR_1
5989,89711,37011,segmento_mt,3.27,ativo,1_SFOR_1
324,9021,1CF192,segmento_mt,22.83,ativo,1_SFOR_1
317,9031,40171,segmento_mt,11.85,ativo,1_SFOR_1
318,9041,40171,segmento_mt,17.95,ativo,1_SFOR_1
319,9051,9041,segmento_mt,21.11,ativo,1_SFOR_1
320,9061,1CF193,segmento_mt,29.15,ativo,1_SFOR_1
321,9071,9061,segmento_mt,21.96,ativo,1_SFOR_1
322,9081,9071,segmento_mt,27.22,ativo,1_SFOR_1
323,9091,9081,segmento_mt,18.94,ativo,1_SFOR_1
1242,9221,19611,segmento_mt,32.68,ativo,1_SFOR_1
1243,9231,1CF194,segmento_mt,22.93,ativo,1_SFOR_1
1154,9291,9301,segmento_mt,40.78,ativo,1_SFOR_1
1153,9301,8721,segmento_mt,75.97,ativo,1_SFOR_1
1155,9321,9291,segmento_mt,114.87,ativo,1_SFOR_1
1156,9331,1CF191,segmento_mt,51.45,ativo,1_SFOR_1
1245,9391,1CF195,segmento_mt,21.34,ativo,1_SFOR_1
1244,9401,76461,segmento_mt,18.4,ativo,1_SFOR_1
830,9841,40431,segmento_mt,18.41,ativo,1_SFOR_1
831,9851,9841,segmento_mt,36.86,ativo,1_SFOR_1
832,9861,9851,segmento_mt,7.92,ativo,1_SFOR_1
833,9871,9861,segmento_mt,27.17,ativo,1_SFOR_1
