id,tipo,subestacao,circuito
1_SFOR_1,subestacao,SFOR,1_SFOR_1
131,ponto_conexao,SFOR,1_SFOR_1
141,ponto_conexao,SFOR,1_SFOR_1
1CF1,ponto_conexao,SFOR,1_SFOR_1
1CS873,ponto_conexao,SFOR,1_SFOR_1
1CS371,ponto_conexao,SFOR,1_SFOR_1
70681,ponto_conexao,SFOR,1_SFOR_1
70971,ponto_conexao,SFOR,1_SFOR_1
84881,ponto_conexao,SFOR,1_SFOR_1
17913,ponto_conexao,SFOR,1_SFOR_1
1CF1082,ponto_conexao,SFOR,1_SFOR_1
1CS1070,ponto_conexao,SFOR,1_SFOR_1
84891,ponto_conexao,SFOR,1_SFOR_1
84911,ponto_conexao,SFOR,1_SFOR_1
1RL976,ponto_conexao,SFOR,1_SFOR_1
84901,ponto_conexao,SFOR,1_SFOR_1
1CF1083,ponto_conexao,SFOR,1_SFOR_1
84912,ponto_conexao,SFOR,1_SFOR_1
17911,ponto_conexao,SFOR,1_SFOR_1
1CS372,ponto_conexao,SFOR,1_SFOR_1
17901,ponto_conexao,SFOR,1_SFOR_1
17891,ponto_conexao,SFOR,1_SFOR_1
1CF373,ponto_conexao,SFOR,1_SFOR_1
17881,ponto_conexao,SFOR,1_SFOR_1
17921,ponto_conexao,SFOR,1_SFOR_1
17871,ponto_conexao,SFOR,1_SFOR_1
17931,ponto_conexao,SFOR,1_SFOR_1
17861,ponto_conexao,SFOR,1_SFOR_1
17941,ponto_conexao,SFOR,1_SFOR_1
17771,ponto_conexao,SFOR,1_SFOR_1
17851,ponto_conexao,SFOR,1_SFOR_1
17951,ponto_conexao,SFOR,1_SFOR_1
17761,ponto_conexao,SFOR,1_SFOR_1
1CS374,ponto_conexao,SFOR,1_SFOR_1
10151,ponto_conexao,SFOR,1_SFOR_1
17751,ponto_conexao,SFOR,1_SFOR_1
17841,ponto_conexao,SFOR,1_SFOR_1
10141,ponto_conexao,SFOR,1_SFOR_1
17741,ponto_conexao,SFOR,1_SFOR_1
18301,ponto_conexao,SFOR,1_SFOR_1
10121,ponto_conexao,SFOR,1_SFOR_1
35501,ponto_conexao,SFOR,1_SFOR_1
18311,ponto_conexao,SFOR,1_SFOR_1
10101,ponto_conexao,SFOR,1_SFOR_1
17731,ponto_conexao,SFOR,1_SFOR_1
18031,ponto_conexao,SFOR,1_SFOR_1
18041,ponto_conexao,SFOR,1_SFOR_1
40101,ponto_conexao,SFOR,1_SFOR_1
71812,ponto_conexao,SFOR,1_SFOR_1
10531,ponto_conexao,SFOR,1_SFOR_1
18051,ponto_conexao,SFOR,1_SFOR_1
18321,ponto_conexao,SFOR,1_SFOR_1
10041,ponto_conexao,SFOR,1_SFOR_1
10521,ponto_conexao,SFOR,1_SFOR_1
19281,ponto_conexao,SFOR,1_SFOR_1
18331,ponto_conexao,SFOR,1_SFOR_1
10031,ponto_conexao,SFOR,1_SFOR_1
10511,ponto_conexao,SFOR,1_SFOR_1
1CF360,ponto_conexao,SFOR,1_SFOR_1
18341,ponto_conexao,SFOR,1_SFOR_1
13871,ponto_conexao,SFOR,1_SFOR_1
10501,ponto_conexao,SFOR,1_SFOR_1
40111,ponto_conexao,SFOR,1_SFOR_1
18351,ponto_conexao,SFOR,1_SFOR_1
78881,ponto_conexao,SFOR,1_SFOR_1
13861,ponto_conexao,SFOR,1_SFOR_1
13881,ponto_conexao,SFOR,1_SFOR_1
10491,ponto_conexao,SFOR,1_SFOR_1
19291,ponto_conexao,SFOR,1_SFOR_1
19411,ponto_conexao,SFOR,1_SFOR_1
40121,ponto_conexao,SFOR,1_SFOR_1
18361,ponto_conexao,SFOR,1_SFOR_1
1CF1012,ponto_conexao,SFOR,1_SFOR_1
13851,ponto_conexao,SFOR,1_SFOR_1
13891,ponto_conexao,SFOR,1_SFOR_1
10471,ponto_conexao,SFOR,1_SFOR_1
19301,ponto_conexao,SFOR,1_SFOR_1
1CF186,ponto_conexao,SFOR,1_SFOR_1
19641,ponto_conexao,SFOR,1_SFOR_1
78891,ponto_conexao,SFOR,1_SFOR_1
13901,ponto_conexao,SFOR,1_SFOR_1
1CS207,ponto_conexao,SFOR,1_SFOR_1
1CF361,ponto_conexao,SFOR,1_SFOR_1
8501,ponto_conexao,SFOR,1_SFOR_1
19651,ponto_conexao,SFOR,1_SFOR_1
1CF362,ponto_conexao,SFOR,1_SFOR_1
78941,ponto_conexao,SFOR,1_SFOR_1
10441,ponto_conexao,SFOR,1_SFOR_1
19311,ponto_conexao,SFOR,1_SFOR_1
8511,ponto_conexao,SFOR,1_SFOR_1
18401,ponto_conexao,SFOR,1_SFOR_1
1CF363,ponto_conexao,SFOR,1_SFOR_1
19631,ponto_conexao,SFOR,1_SFOR_1
78951,ponto_conexao,SFOR,1_SFOR_1
10421,ponto_conexao,SFOR,1_SFOR_1
8521,ponto_conexao,SFOR,1_SFOR_1
68851,ponto_conexao,SFOR,1_SFOR_1
19671,ponto_conexao,SFOR,1_SFOR_1
19621,ponto_conexao,SFOR,1_SFOR_1
79001,ponto_conexao,SFOR,1_SFOR_1
10411,ponto_conexao,SFOR,1_SFOR_1
1CS14,ponto_conexao,SFOR,1_SFOR_1
19681,ponto_conexao,SFOR,1_SFOR_1
19611,ponto_conexao,SFOR,1_SFOR_1
10401,ponto_conexao,SFOR,1_SFOR_1
18411,ponto_conexao,SFOR,1_SFOR_1
19401,ponto_conexao,SFOR,1_SFOR_1
19691,ponto_conexao,SFOR,1_SFOR_1
19351,ponto_conexao,SFOR,1_SFOR_1
9221,ponto_conexao,SFOR,1_SFOR_1
40161,ponto_conexao,SFOR,1_SFOR_1
18421,ponto_conexao,SFOR,1_SFOR_1
18371,ponto_conexao,SFOR,1_SFOR_1
19361,ponto_conexao,SFOR,1_SFOR_1
1CF194,ponto_conexao,SFOR,1_SFOR_1
10391,ponto_conexao,SFOR,1_SFOR_1
13001,ponto_conexao,SFOR,1_SFOR_1
13011,ponto_conexao,SFOR,1_SFOR_1
18431,ponto_conexao,SFOR,1_SFOR_1
18381,ponto_conexao,SFOR,1_SFOR_1
1FR1038,ponto_conexao,SFOR,1_SFOR_1
76461,ponto_conexao,SFOR,1_SFOR_1
9231,ponto_conexao,SFOR,1_SFOR_1
1CF205,ponto_conexao,SFOR,1_SFOR_1
12991,ponto_conexao,SFOR,1_SFOR_1
1CF222,ponto_conexao,SFOR,1_SFOR_1
18441,ponto_conexao,SFOR,1_SFOR_1
1CF364,ponto_conexao,SFOR,1_SFOR_1
36131,ponto_conexao,SFOR,1_SFOR_1
19371,ponto_conexao,SFOR,1_SFOR_1
19381,ponto_conexao,SFOR,1_SFOR_1
9401,ponto_conexao,SFOR,1_SFOR_1
10371,ponto_conexao,SFOR,1_SFOR_1
12981,ponto_conexao,SFOR,1_SFOR_1
13031,ponto_conexao,SFOR,1_SFOR_1
18511,ponto_conexao,SFOR,1_SFOR_1
80921,ponto_conexao,SFOR,1_SFOR_1
36141,ponto_conexao,SFOR,1_SFOR_1
80651,ponto_conexao,SFOR,1_SFOR_1
19391,ponto_conexao,SFOR,1_SFOR_1
1CF195,ponto_conexao,SFOR,1_SFOR_1
49021,ponto_conexao,SFOR,1_SFOR_1
13041,ponto_conexao,SFOR,1_SFOR_1
18521,ponto_conexao,SFOR,1_SFOR_1
36151,ponto_conexao,SFOR,1_SFOR_1
1CF1037,ponto_conexao,SFOR,1_SFOR_1
19402,ponto_conexao,SFOR,1_SFOR_1
9391,ponto_conexao,SFOR,1_SFOR_1
12151,ponto_conexao,SFOR,1_SFOR_1
12161,ponto_conexao,SFOR,1_SFOR_1
12971,ponto_conexao,SFOR,1_SFOR_1
13051,ponto_conexao,SFOR,1_SFOR_1
1CO366,ponto_conexao,SFOR,1_SFOR_1
36161,ponto_conexao,SFOR,1_SFOR_1
80711,ponto_conexao,SFOR,1_SFOR_1
12141,ponto_conexao,SFOR,1_SFOR_1
1CF211,ponto_conexao,SFOR,1_SFOR_1
5771,ponto_conexao,SFOR,1_SFOR_1
1CF221,ponto_conexao,SFOR,1_SFOR_1
81571,ponto_conexao,SFOR,1_SFOR_1
36061,ponto_conexao,SFOR,1_SFOR_1
80721,ponto_conexao,SFOR,1_SFOR_1
12131,ponto_conexao,SFOR,1_SFOR_1
12171,ponto_conexao,SFOR,1_SFOR_1
1CF182,ponto_conexao,SFOR,1_SFOR_1
66881,ponto_conexao,SFOR,1_SFOR_1
33141,ponto_conexao,SFOR,1_SFOR_1
1CF661,ponto_conexao,SFOR,1_SFOR_1
36051,ponto_conexao,SFOR,1_SFOR_1
80731,ponto_conexao,SFOR,1_SFOR_1
76241,ponto_conexao,SFOR,1_SFOR_1
12181,ponto_conexao,SFOR,1_SFOR_1
5751,ponto_conexao,SFOR,1_SFOR_1
33151,ponto_conexao,SFOR,1_SFOR_1
36071,ponto_conexao,SFOR,1_SFOR_1
36041,ponto_conexao,SFOR,1_SFOR_1
80771,ponto_conexao,SFOR,1_SFOR_1
12121,ponto_conexao,SFOR,1_SFOR_1
12951,ponto_conexao,SFOR,1_SFOR_1
12961,ponto_conexao,SFOR,1_SFOR_1
8601,ponto_conexao,SFOR,1_SFOR_1
40181,ponto_conexao,SFOR,1_SFOR_1
33161,ponto_conexao,SFOR,1_SFOR_1
36031,ponto_conexao,SFOR,1_SFOR_1
80781,ponto_conexao,SFOR,1_SFOR_1
12111,ponto_conexao,SFOR,1_SFOR_1
71291,ponto_conexao,SFOR,1_SFOR_1
5741,ponto_conexao,SFOR,1_SFOR_1
8801,ponto_conexao,SFOR,1_SFOR_1
8811,ponto_conexao,SFOR,1_SFOR_1
33171,ponto_conexao,SFOR,1_SFOR_1
36011,ponto_conexao,SFOR,1_SFOR_1
10621,ponto_conexao,SFOR,1_SFOR_1
1CS973,ponto_conexao,SFOR,1_SFOR_1
5731,ponto_conexao,SFOR,1_SFOR_1
1CS188,ponto_conexao,SFOR,1_SFOR_1
8821,ponto_conexao,SFOR,1_SFOR_1
33181,ponto_conexao,SFOR,1_SFOR_1
35981,ponto_conexao,SFOR,1_SFOR_1
35991,ponto_conexao,SFOR,1_SFOR_1
1CF414,ponto_conexao,SFOR,1_SFOR_1
1TA210,ponto_conexao,SFOR,1_SFOR_1
5961,ponto_conexao,SFOR,1_SFOR_1
5721,ponto_conexao,SFOR,1_SFOR_1
66481,ponto_conexao,SFOR,1_SFOR_1
1CS189,ponto_conexao,SFOR,1_SFOR_1
33201,ponto_conexao,SFOR,1_SFOR_1
1CF662,ponto_conexao,SFOR,1_SFOR_1
36001,ponto_conexao,SFOR,1_SFOR_1
12693,ponto_conexao,SFOR,1_SFOR_1
72352,ponto_conexao,SFOR,1_SFOR_1
5951,ponto_conexao,SFOR,1_SFOR_1
5701,ponto_conexao,SFOR,1_SFOR_1
1CF196,ponto_conexao,SFOR,1_SFOR_1
8771,ponto_conexao,SFOR,1_SFOR_1
8831,ponto_conexao,SFOR,1_SFOR_1
1CF446,ponto_conexao,SFOR,1_SFOR_1
1CF920,ponto_conexao,SFOR,1_SFOR_1
33211,ponto_conexao,SFOR,1_SFOR_1
35971,ponto_conexao,SFOR,1_SFOR_1
36171,ponto_conexao,SFOR,1_SFOR_1
76401,ponto_conexao,SFOR,1_SFOR_1
10611,ponto_conexao,SFOR,1_SFOR_1
12692,ponto_conexao,SFOR,1_SFOR_1
12701,ponto_conexao,SFOR,1_SFOR_1
5941,ponto_conexao,SFOR,1_SFOR_1
5691,ponto_conexao,SFOR,1_SFOR_1
66491,ponto_conexao,SFOR,1_SFOR_1
1CF190,ponto_conexao,SFOR,1_SFOR_1
8841,ponto_conexao,SFOR,1_SFOR_1
33191,ponto_conexao,SFOR,1_SFOR_1
72361,ponto_conexao,SFOR,1_SFOR_1
35321,ponto_conexao,SFOR,1_SFOR_1
35961,ponto_conexao,SFOR,1_SFOR_1
36181,ponto_conexao,SFOR,1_SFOR_1
1TA209,ponto_conexao,SFOR,1_SFOR_1
1CS220,ponto_conexao,SFOR,1_SFOR_1
71391,ponto_conexao,SFOR,1_SFOR_1
85673,ponto_conexao,SFOR,1_SFOR_1
5921,ponto_conexao,SFOR,1_SFOR_1
1CF181,ponto_conexao,SFOR,1_SFOR_1
66501,ponto_conexao,SFOR,1_SFOR_1
8751,ponto_conexao,SFOR,1_SFOR_1
8851,ponto_conexao,SFOR,1_SFOR_1
35341,ponto_conexao,SFOR,1_SFOR_1
35401,ponto_conexao,SFOR,1_SFOR_1
35871,ponto_conexao,SFOR,1_SFOR_1
1CF665,ponto_conexao,SFOR,1_SFOR_1
36201,ponto_conexao,SFOR,1_SFOR_1
36351,ponto_conexao,SFOR,1_SFOR_1
10601,ponto_conexao,SFOR,1_SFOR_1
12683,ponto_conexao,SFOR,1_SFOR_1
1CS218,ponto_conexao,SFOR,1_SFOR_1
5901,ponto_conexao,SFOR,1_SFOR_1
5681,ponto_conexao,SFOR,1_SFOR_1
66511,ponto_conexao,SFOR,1_SFOR_1
8721,ponto_conexao,SFOR,1_SFOR_1
8861,ponto_conexao,SFOR,1_SFOR_1
35351,ponto_conexao,SFOR,1_SFOR_1
35411,ponto_conexao,SFOR,1_SFOR_1
35861,ponto_conexao,SFOR,1_SFOR_1
35881,ponto_conexao,SFOR,1_SFOR_1
36191,ponto_conexao,SFOR,1_SFOR_1
36211,ponto_conexao,SFOR,1_SFOR_1
36361,ponto_conexao,SFOR,1_SFOR_1
10591,ponto_conexao,SFOR,1_SFOR_1
1CF281,ponto_conexao,SFOR,1_SFOR_1
8282,ponto_conexao,SFOR,1_SFOR_1
12712,ponto_conexao,SFOR,1_SFOR_1
85643,ponto_conexao,SFOR,1_SFOR_1
5891,ponto_conexao,SFOR,1_SFOR_1
5671,ponto_conexao,SFOR,1_SFOR_1
66521,ponto_conexao,SFOR,1_SFOR_1
1CF187,ponto_conexao,SFOR,1_SFOR_1
9301,ponto_conexao,SFOR,1_SFOR_1
8871,ponto_conexao,SFOR,1_SFOR_1
1CF449,ponto_conexao,SFOR,1_SFOR_1
35361,ponto_conexao,SFOR,1_SFOR_1
35421,ponto_conexao,SFOR,1_SFOR_1
35821,ponto_conexao,SFOR,1_SFOR_1
35891,ponto_conexao,SFOR,1_SFOR_1
36501,ponto_conexao,SFOR,1_SFOR_1
36221,ponto_conexao,SFOR,1_SFOR_1
1CF667,ponto_conexao,SFOR,1_SFOR_1
10571,ponto_conexao,SFOR,1_SFOR_1
1CF208,ponto_conexao,SFOR,1_SFOR_1
69021,ponto_conexao,SFOR,1_SFOR_1
8272,ponto_conexao,SFOR,1_SFOR_1
12722,ponto_conexao,SFOR,1_SFOR_1
5881,ponto_conexao,SFOR,1_SFOR_1
40171,ponto_conexao,SFOR,1_SFOR_1
74271,ponto_conexao,SFOR,1_SFOR_1
8701,ponto_conexao,SFOR,1_SFOR_1
9291,ponto_conexao,SFOR,1_SFOR_1
8881,ponto_conexao,SFOR,1_SFOR_1
35371,ponto_conexao,SFOR,1_SFOR_1
75331,ponto_conexao,SFOR,1_SFOR_1
87861,ponto_conexao,SFOR,1_SFOR_1
1CF663,ponto_conexao,SFOR,1_SFOR_1
35901,ponto_conexao,SFOR,1_SFOR_1
1CF668,ponto_conexao,SFOR,1_SFOR_1
36511,ponto_conexao,SFOR,1_SFOR_1
83941,ponto_conexao,SFOR,1_SFOR_1
36371,ponto_conexao,SFOR,1_SFOR_1
10561,ponto_conexao,SFOR,1_SFOR_1
10581,ponto_conexao,SFOR,1_SFOR_1
8261,ponto_conexao,SFOR,1_SFOR_1
49032,ponto_conexao,SFOR,1_SFOR_1
5861,ponto_conexao,SFOR,1_SFOR_1
5661,ponto_conexao,SFOR,1_SFOR_1
9031,ponto_conexao,SFOR,1_SFOR_1
9041,ponto_conexao,SFOR,1_SFOR_1
1CF945,ponto_conexao,SFOR,1_SFOR_1
9321,ponto_conexao,SFOR,1_SFOR_1
8891,ponto_conexao,SFOR,1_SFOR_1
35381,ponto_conexao,SFOR,1_SFOR_1
1CF961,ponto_conexao,SFOR,1_SFOR_1
75341,ponto_conexao,SFOR,1_SFOR_1
1CF1109,ponto_conexao,SFOR,1_SFOR_1
35441,ponto_conexao,SFOR,1_SFOR_1
35851,ponto_conexao,SFOR,1_SFOR_1
35911,ponto_conexao,SFOR,1_SFOR_1
36512,ponto_conexao,SFOR,1_SFOR_1
36521,ponto_conexao,SFOR,1_SFOR_1
36231,ponto_conexao,SFOR,1_SFOR_1
10551,ponto_conexao,SFOR,1_SFOR_1
8251,ponto_conexao,SFOR,1_SFOR_1
10251,ponto_conexao,SFOR,1_SFOR_1
10261,ponto_conexao,SFOR,1_SFOR_1
12732,ponto_conexao,SFOR,1_SFOR_1
5851,ponto_conexao,SFOR,1_SFOR_1
5651,ponto_conexao,SFOR,1_SFOR_1
1CF192,ponto_conexao,SFOR,1_SFOR_1
9051,ponto_conexao,SFOR,1_SFOR_1
74281,ponto_conexao,SFOR,1_SFOR_1
1CF191,ponto_conexao,SFOR,1_SFOR_1
8901,ponto_conexao,SFOR,1_SFOR_1
35391,ponto_conexao,SFOR,1_SFOR_1
88421,ponto_conexao,SFOR,1_SFOR_1
87871,ponto_conexao,SFOR,1_SFOR_1
1CF447,ponto_conexao,SFOR,1_SFOR_1
35461,ponto_conexao,SFOR,1_SFOR_1
35841,ponto_conexao,SFOR,1_SFOR_1
35921,ponto_conexao,SFOR,1_SFOR_1
36522,ponto_conexao,SFOR,1_SFOR_1
36591,ponto_conexao,SFOR,1_SFOR_1
1CF666,ponto_conexao,SFOR,1_SFOR_1
71361,ponto_conexao,SFOR,1_SFOR_1
1CF951,ponto_conexao,SFOR,1_SFOR_1
8221,ponto_conexao,SFOR,1_SFOR_1
1CF204,ponto_conexao,SFOR,1_SFOR_1
76211,ponto_conexao,SFOR,1_SFOR_1
5641,ponto_conexao,SFOR,1_SFOR_1
9021,ponto_conexao,SFOR,1_SFOR_1
1CF193,ponto_conexao,SFOR,1_SFOR_1
9331,ponto_conexao,SFOR,1_SFOR_1
12201,ponto_conexao,SFOR,1_SFOR_1
88411,ponto_conexao,SFOR,1_SFOR_1
35431,ponto_conexao,SFOR,1_SFOR_1
1CF448,ponto_conexao,SFOR,1_SFOR_1
35471,ponto_conexao,SFOR,1_SFOR_1
35831,ponto_conexao,SFOR,1_SFOR_1
35941,ponto_conexao,SFOR,1_SFOR_1
36531,ponto_conexao,SFOR,1_SFOR_1
1CF669,ponto_conexao,SFOR,1_SFOR_1
36611,ponto_conexao,SFOR,1_SFOR_1
36241,ponto_conexao,SFOR,1_SFOR_1
10541,ponto_conexao,SFOR,1_SFOR_1
12242,ponto_conexao,SFOR,1_SFOR_1
12251,ponto_conexao,SFOR,1_SFOR_1
74631,ponto_conexao,SFOR,1_SFOR_1
1CF183,ponto_conexao,SFOR,1_SFOR_1
8211,ponto_conexao,SFOR,1_SFOR_1
10221,ponto_conexao,SFOR,1_SFOR_1
76201,ponto_conexao,SFOR,1_SFOR_1
5631,ponto_conexao,SFOR,1_SFOR_1
9061,ponto_conexao,SFOR,1_SFOR_1
12191,ponto_conexao,SFOR,1_SFOR_1
88401,ponto_conexao,SFOR,1_SFOR_1
35451,ponto_conexao,SFOR,1_SFOR_1
35481,ponto_conexao,SFOR,1_SFOR_1
71001,ponto_conexao,SFOR,1_SFOR_1
35951,ponto_conexao,SFOR,1_SFOR_1
36541,ponto_conexao,SFOR,1_SFOR_1
36601,ponto_conexao,SFOR,1_SFOR_1
36621,ponto_conexao,SFOR,1_SFOR_1
2862,ponto_conexao,SFOR,1_SFOR_1
12261,ponto_conexao,SFOR,1_SFOR_1
66461,ponto_conexao,SFOR,1_SFOR_1
8201,ponto_conexao,SFOR,1_SFOR_1
10211,ponto_conexao,SFOR,1_SFOR_1
76191,ponto_conexao,SFOR,1_SFOR_1
9071,ponto_conexao,SFOR,1_SFOR_1
1CS212,ponto_conexao,SFOR,1_SFOR_1
88391,ponto_conexao,SFOR,1_SFOR_1
35491,ponto_conexao,SFOR,1_SFOR_1
35801,ponto_conexao,SFOR,1_SFOR_1
36581,ponto_conexao,SFOR,1_SFOR_1
36641,ponto_conexao,SFOR,1_SFOR_1
1CS73,ponto_conexao,SFOR,1_SFOR_1
1CF228,ponto_conexao,SFOR,1_SFOR_1
8191,ponto_conexao,SFOR,1_SFOR_1
86391,ponto_conexao,SFOR,1_SFOR_1
76181,ponto_conexao,SFOR,1_SFOR_1
9081,ponto_conexao,SFOR,1_SFOR_1
12241,ponto_conexao,SFOR,1_SFOR_1
40191,ponto_conexao,SFOR,1_SFOR_1
88381,ponto_conexao,SFOR,1_SFOR_1
1CF940,ponto_conexao,SFOR,1_SFOR_1
35791,ponto_conexao,SFOR,1_SFOR_1
36571,ponto_conexao,SFOR,1_SFOR_1
36651,ponto_conexao,SFOR,1_SFOR_1
2871,ponto_conexao,SFOR,1_SFOR_1
12281,ponto_conexao,SFOR,1_SFOR_1
8331,ponto_conexao,SFOR,1_SFOR_1
86381,ponto_conexao,SFOR,1_SFOR_1
76171,ponto_conexao,SFOR,1_SFOR_1
9091,ponto_conexao,SFOR,1_SFOR_1
2141,ponto_conexao,SFOR,1_SFOR_1
2661,ponto_conexao,SFOR,1_SFOR_1
2671,ponto_conexao,SFOR,1_SFOR_1
88371,ponto_conexao,SFOR,1_SFOR_1
68151,ponto_conexao,SFOR,1_SFOR_1
35781,ponto_conexao,SFOR,1_SFOR_1
36551,ponto_conexao,SFOR,1_SFOR_1
36661,ponto_conexao,SFOR,1_SFOR_1
1CF74,ponto_conexao,SFOR,1_SFOR_1
2881,ponto_conexao,SFOR,1_SFOR_1
1CF185,ponto_conexao,SFOR,1_SFOR_1
76161,ponto_conexao,SFOR,1_SFOR_1
1CF70,ponto_conexao,SFOR,1_SFOR_1
12221,ponto_conexao,SFOR,1_SFOR_1
88361,ponto_conexao,SFOR,1_SFOR_1
35771,ponto_conexao,SFOR,1_SFOR_1
1CF671,ponto_conexao,SFOR,1_SFOR_1
1CF670,ponto_conexao,SFOR,1_SFOR_1
3561,ponto_conexao,SFOR,1_SFOR_1
2891,ponto_conexao,SFOR,1_SFOR_1
8351,ponto_conexao,SFOR,1_SFOR_1
48502,ponto_conexao,SFOR,1_SFOR_1
2151,ponto_conexao,SFOR,1_SFOR_1
12231,ponto_conexao,SFOR,1_SFOR_1
88351,ponto_conexao,SFOR,1_SFOR_1
1CF664,ponto_conexao,SFOR,1_SFOR_1
36561,ponto_conexao,SFOR,1_SFOR_1
36671,ponto_conexao,SFOR,1_SFOR_1
3551,ponto_conexao,SFOR,1_SFOR_1
2901,ponto_conexao,SFOR,1_SFOR_1
48491,ponto_conexao,SFOR,1_SFOR_1
48481,ponto_conexao,SFOR,1_SFOR_1
2161,ponto_conexao,SFOR,1_SFOR_1
88341,ponto_conexao,SFOR,1_SFOR_1
35761,ponto_conexao,SFOR,1_SFOR_1
3541,ponto_conexao,SFOR,1_SFOR_1
40521,ponto_conexao,SFOR,1_SFOR_1
48501,ponto_conexao,SFOR,1_SFOR_1
48512,ponto_conexao,SFOR,1_SFOR_1
2171,ponto_conexao,SFOR,1_SFOR_1
88331,ponto_conexao,SFOR,1_SFOR_1
3531,ponto_conexao,SFOR,1_SFOR_1
2911,ponto_conexao,SFOR,1_SFOR_1
3731,ponto_conexao,SFOR,1_SFOR_1
3741,ponto_conexao,SFOR,1_SFOR_1
1CF179,ponto_conexao,SFOR,1_SFOR_1
48511,ponto_conexao,SFOR,1_SFOR_1
48532,ponto_conexao,SFOR,1_SFOR_1
1CF71,ponto_conexao,SFOR,1_SFOR_1
88321,ponto_conexao,SFOR,1_SFOR_1
3521,ponto_conexao,SFOR,1_SFOR_1
1CS75,ponto_conexao,SFOR,1_SFOR_1
1CF86,ponto_conexao,SFOR,1_SFOR_1
1CS87,ponto_conexao,SFOR,1_SFOR_1
48471,ponto_conexao,SFOR,1_SFOR_1
48531,ponto_conexao,SFOR,1_SFOR_1
48542,ponto_conexao,SFOR,1_SFOR_1
2211,ponto_conexao,SFOR,1_SFOR_1
88311,ponto_conexao,SFOR,1_SFOR_1
2921,ponto_conexao,SFOR,1_SFOR_1
3721,ponto_conexao,SFOR,1_SFOR_1
3751,ponto_conexao,SFOR,1_SFOR_1
5161,ponto_conexao,SFOR,1_SFOR_1
48541,ponto_conexao,SFOR,1_SFOR_1
48772,ponto_conexao,SFOR,1_SFOR_1
88301,ponto_conexao,SFOR,1_SFOR_1
2931,ponto_conexao,SFOR,1_SFOR_1
3711,ponto_conexao,SFOR,1_SFOR_1
3761,ponto_conexao,SFOR,1_SFOR_1
5131,ponto_conexao,SFOR,1_SFOR_1
1CF174,ponto_conexao,SFOR,1_SFOR_1
48771,ponto_conexao,SFOR,1_SFOR_1
5412,ponto_conexao,SFOR,1_SFOR_1
88291,ponto_conexao,SFOR,1_SFOR_1
2941,ponto_conexao,SFOR,1_SFOR_1
3701,ponto_conexao,SFOR,1_SFOR_1
3771,ponto_conexao,SFOR,1_SFOR_1
5121,ponto_conexao,SFOR,1_SFOR_1
77731,ponto_conexao,SFOR,1_SFOR_1
77741,ponto_conexao,SFOR,1_SFOR_1
48551,ponto_conexao,SFOR,1_SFOR_1
1CF175,ponto_conexao,SFOR,1_SFOR_1
5411,ponto_conexao,SFOR,1_SFOR_1
5401,ponto_conexao,SFOR,1_SFOR_1
88281,ponto_conexao,SFOR,1_SFOR_1
2951,ponto_conexao,SFOR,1_SFOR_1
4071,ponto_conexao,SFOR,1_SFOR_1
3691,ponto_conexao,SFOR,1_SFOR_1
3781,ponto_conexao,SFOR,1_SFOR_1
5101,ponto_conexao,SFOR,1_SFOR_1
1CF995,ponto_conexao,SFOR,1_SFOR_1
48561,ponto_conexao,SFOR,1_SFOR_1
48761,ponto_conexao,SFOR,1_SFOR_1
5391,ponto_conexao,SFOR,1_SFOR_1
5392,ponto_conexao,SFOR,1_SFOR_1
88271,ponto_conexao,SFOR,1_SFOR_1
2961,ponto_conexao,SFOR,1_SFOR_1
4051,ponto_conexao,SFOR,1_SFOR_1
3681,ponto_conexao,SFOR,1_SFOR_1
3791,ponto_conexao,SFOR,1_SFOR_1
68231,ponto_conexao,SFOR,1_SFOR_1
77751,ponto_conexao,SFOR,1_SFOR_1
48571,ponto_conexao,SFOR,1_SFOR_1
48791,ponto_conexao,SFOR,1_SFOR_1
5371,ponto_conexao,SFOR,1_SFOR_1
5381,ponto_conexao,SFOR,1_SFOR_1
88261,ponto_conexao,SFOR,1_SFOR_1
2972,ponto_conexao,SFOR,1_SFOR_1
1CF854,ponto_conexao,SFOR,1_SFOR_1
1CF85,ponto_conexao,SFOR,1_SFOR_1
2391,ponto_conexao,SFOR,1_SFOR_1
3801,ponto_conexao,SFOR,1_SFOR_1
5031,ponto_conexao,SFOR,1_SFOR_1
77821,ponto_conexao,SFOR,1_SFOR_1
48581,ponto_conexao,SFOR,1_SFOR_1
48811,ponto_conexao,SFOR,1_SFOR_1
1CF971,ponto_conexao,SFOR,1_SFOR_1
5361,ponto_conexao,SFOR,1_SFOR_1
5372,ponto_conexao,SFOR,1_SFOR_1
88431,ponto_conexao,SFOR,1_SFOR_1
1CF76,ponto_conexao,SFOR,1_SFOR_1
2991,ponto_conexao,SFOR,1_SFOR_1
4031,ponto_conexao,SFOR,1_SFOR_1
3671,ponto_conexao,SFOR,1_SFOR_1
2371,ponto_conexao,SFOR,1_SFOR_1
3811,ponto_conexao,SFOR,1_SFOR_1
1CF180,ponto_conexao,SFOR,1_SFOR_1
48621,ponto_conexao,SFOR,1_SFOR_1
1CF176,ponto_conexao,SFOR,1_SFOR_1
48841,ponto_conexao,SFOR,1_SFOR_1
76221,ponto_conexao,SFOR,1_SFOR_1
5341,ponto_conexao,SFOR,1_SFOR_1
5362,ponto_conexao,SFOR,1_SFOR_1
88441,ponto_conexao,SFOR,1_SFOR_1
4171,ponto_conexao,SFOR,1_SFOR_1
3001,ponto_conexao,SFOR,1_SFOR_1
1CF91,ponto_conexao,SFOR,1_SFOR_1
4021,ponto_conexao,SFOR,1_SFOR_1
1CF72,ponto_conexao,SFOR,1_SFOR_1
3821,ponto_conexao,SFOR,1_SFOR_1
5041,ponto_conexao,SFOR,1_SFOR_1
48821,ponto_conexao,SFOR,1_SFOR_1
48861,ponto_conexao,SFOR,1_SFOR_1
5331,ponto_conexao,SFOR,1_SFOR_1
5351,ponto_conexao,SFOR,1_SFOR_1
4161,ponto_conexao,SFOR,1_SFOR_1
1CF77,ponto_conexao,SFOR,1_SFOR_1
3011,ponto_conexao,SFOR,1_SFOR_1
4041,ponto_conexao,SFOR,1_SFOR_1
4011,ponto_conexao,SFOR,1_SFOR_1
2361,ponto_conexao,SFOR,1_SFOR_1
1TA88,ponto_conexao,SFOR,1_SFOR_1
5051,ponto_conexao,SFOR,1_SFOR_1
48881,ponto_conexao,SFOR,1_SFOR_1
5321,ponto_conexao,SFOR,1_SFOR_1
5342,ponto_conexao,SFOR,1_SFOR_1
4151,ponto_conexao,SFOR,1_SFOR_1
4201,ponto_conexao,SFOR,1_SFOR_1
1CF78,ponto_conexao,SFOR,1_SFOR_1
3991,ponto_conexao,SFOR,1_SFOR_1
2461,ponto_conexao,SFOR,1_SFOR_1
3831,ponto_conexao,SFOR,1_SFOR_1
5061,ponto_conexao,SFOR,1_SFOR_1
48911,ponto_conexao,SFOR,1_SFOR_1
1CF178,ponto_conexao,SFOR,1_SFOR_1
5431,ponto_conexao,SFOR,1_SFOR_1
5332,ponto_conexao,SFOR,1_SFOR_1
4141,ponto_conexao,SFOR,1_SFOR_1
4221,ponto_conexao,SFOR,1_SFOR_1
3021,ponto_conexao,SFOR,1_SFOR_1
1CF90,ponto_conexao,SFOR,1_SFOR_1
2481,ponto_conexao,SFOR,1_SFOR_1
40511,ponto_conexao,SFOR,1_SFOR_1
1CF177,ponto_conexao,SFOR,1_SFOR_1
35511,ponto_conexao,SFOR,1_SFOR_1
5441,ponto_conexao,SFOR,1_SFOR_1
1CS968,ponto_conexao,SFOR,1_SFOR_1
4131,ponto_conexao,SFOR,1_SFOR_1
4231,ponto_conexao,SFOR,1_SFOR_1
3031,ponto_conexao,SFOR,1_SFOR_1
3971,ponto_conexao,SFOR,1_SFOR_1
2492,ponto_conexao,SFOR,1_SFOR_1
3271,ponto_conexao,SFOR,1_SFOR_1
3281,ponto_conexao,SFOR,1_SFOR_1
3841,ponto_conexao,SFOR,1_SFOR_1
48931,ponto_conexao,SFOR,1_SFOR_1
35521,ponto_conexao,SFOR,1_SFOR_1
1CS969,ponto_conexao,SFOR,1_SFOR_1
5322,ponto_conexao,SFOR,1_SFOR_1
4121,ponto_conexao,SFOR,1_SFOR_1
4241,ponto_conexao,SFOR,1_SFOR_1
1CF79,ponto_conexao,SFOR,1_SFOR_1
3051,ponto_conexao,SFOR,1_SFOR_1
2501,ponto_conexao,SFOR,1_SFOR_1
1CF81,ponto_conexao,SFOR,1_SFOR_1
1CF82,ponto_conexao,SFOR,1_SFOR_1
3851,ponto_conexao,SFOR,1_SFOR_1
35531,ponto_conexao,SFOR,1_SFOR_1
5473,ponto_conexao,SFOR,1_SFOR_1
5421,ponto_conexao,SFOR,1_SFOR_1
4111,ponto_conexao,SFOR,1_SFOR_1
4251,ponto_conexao,SFOR,1_SFOR_1
3041,ponto_conexao,SFOR,1_SFOR_1
3061,ponto_conexao,SFOR,1_SFOR_1
2511,ponto_conexao,SFOR,1_SFOR_1
3261,ponto_conexao,SFOR,1_SFOR_1
3291,ponto_conexao,SFOR,1_SFOR_1
1CS89,ponto_conexao,SFOR,1_SFOR_1
35541,ponto_conexao,SFOR,1_SFOR_1
45261,ponto_conexao,SFOR,1_SFOR_1
5432,ponto_conexao,SFOR,1_SFOR_1
4101,ponto_conexao,SFOR,1_SFOR_1
2581,ponto_conexao,SFOR,1_SFOR_1
3071,ponto_conexao,SFOR,1_SFOR_1
1CF917,ponto_conexao,SFOR,1_SFOR_1
2521,ponto_conexao,SFOR,1_SFOR_1
3251,ponto_conexao,SFOR,1_SFOR_1
3301,ponto_conexao,SFOR,1_SFOR_1
74591,ponto_conexao,SFOR,1_SFOR_1
35551,ponto_conexao,SFOR,1_SFOR_1
1FR857,ponto_conexao,SFOR,1_SFOR_1
45291,ponto_conexao,SFOR,1_SFOR_1
5442,ponto_conexao,SFOR,1_SFOR_1
4091,ponto_conexao,SFOR,1_SFOR_1
2591,ponto_conexao,SFOR,1_SFOR_1
3081,ponto_conexao,SFOR,1_SFOR_1
72051,ponto_conexao,SFOR,1_SFOR_1
75371,ponto_conexao,SFOR,1_SFOR_1
3241,ponto_conexao,SFOR,1_SFOR_1
3861,ponto_conexao,SFOR,1_SFOR_1
35561,ponto_conexao,SFOR,1_SFOR_1
38701,ponto_conexao,SFOR,1_SFOR_1
1CF16,ponto_conexao,SFOR,1_SFOR_1
68821,ponto_conexao,SFOR,1_SFOR_1
5472,ponto_conexao,SFOR,1_SFOR_1
40491,ponto_conexao,SFOR,1_SFOR_1
1CF882,ponto_conexao,SFOR,1_SFOR_1
3101,ponto_conexao,SFOR,1_SFOR_1
72061,ponto_conexao,SFOR,1_SFOR_1
2531,ponto_conexao,SFOR,1_SFOR_1
76741,ponto_conexao,SFOR,1_SFOR_1
3871,ponto_conexao,SFOR,1_SFOR_1
1CF656,ponto_conexao,SFOR,1_SFOR_1
1FR1033,ponto_conexao,SFOR,1_SFOR_1
68831,ponto_conexao,SFOR,1_SFOR_1
1CS17,ponto_conexao,SFOR,1_SFOR_1
1CS1062,ponto_conexao,SFOR,1_SFOR_1
3391,ponto_conexao,SFOR,1_SFOR_1
3401,ponto_conexao,SFOR,1_SFOR_1
40481,ponto_conexao,SFOR,1_SFOR_1
2641,ponto_conexao,SFOR,1_SFOR_1
44441,ponto_conexao,SFOR,1_SFOR_1
72071,ponto_conexao,SFOR,1_SFOR_1
2541,ponto_conexao,SFOR,1_SFOR_1
1CF1036,ponto_conexao,SFOR,1_SFOR_1
40431,ponto_conexao,SFOR,1_SFOR_1
35571,ponto_conexao,SFOR,1_SFOR_1
38711,ponto_conexao,SFOR,1_SFOR_1
84831,ponto_conexao,SFOR,1_SFOR_1
45282,ponto_conexao,SFOR,1_SFOR_1
76141,ponto_conexao,SFOR,1_SFOR_1
1CF1056,ponto_conexao,SFOR,1_SFOR_1
1CF83,ponto_conexao,SFOR,1_SFOR_1
6601,ponto_conexao,SFOR,1_SFOR_1
71051,ponto_conexao,SFOR,1_SFOR_1
80001,ponto_conexao,SFOR,1_SFOR_1
72081,ponto_conexao,SFOR,1_SFOR_1
2551,ponto_conexao,SFOR,1_SFOR_1
80631,ponto_conexao,SFOR,1_SFOR_1
23601,ponto_conexao,SFOR,1_SFOR_1
4401,ponto_conexao,SFOR,1_SFOR_1
9841,ponto_conexao,SFOR,1_SFOR_1
38721,ponto_conexao,SFOR,1_SFOR_1
1RL974,ponto_conexao,SFOR,1_SFOR_1
84841,ponto_conexao,SFOR,1_SFOR_1
3361,ponto_conexao,SFOR,1_SFOR_1
3411,ponto_conexao,SFOR,1_SFOR_1
6611,ponto_conexao,SFOR,1_SFOR_1
71061,ponto_conexao,SFOR,1_SFOR_1
1CF1024,ponto_conexao,SFOR,1_SFOR_1
36721,ponto_conexao,SFOR,1_SFOR_1
72091,ponto_conexao,SFOR,1_SFOR_1
75381,ponto_conexao,SFOR,1_SFOR_1
12341,ponto_conexao,SFOR,1_SFOR_1
23621,ponto_conexao,SFOR,1_SFOR_1
1CF94,ponto_conexao,SFOR,1_SFOR_1
9851,ponto_conexao,SFOR,1_SFOR_1
1CF540,ponto_conexao,SFOR,1_SFOR_1
38791,ponto_conexao,SFOR,1_SFOR_1
84821,ponto_conexao,SFOR,1_SFOR_1
1CF1081,ponto_conexao,SFOR,1_SFOR_1
1CS1069,ponto_conexao,SFOR,1_SFOR_1
83261,ponto_conexao,SFOR,1_SFOR_1
40501,ponto_conexao,SFOR,1_SFOR_1
6621,ponto_conexao,SFOR,1_SFOR_1
71171,ponto_conexao,SFOR,1_SFOR_1
80231,ponto_conexao,SFOR,1_SFOR_1
79991,ponto_conexao,SFOR,1_SFOR_1
72101,ponto_conexao,SFOR,1_SFOR_1
75391,ponto_conexao,SFOR,1_SFOR_1
1CF1095,ponto_conexao,SFOR,1_SFOR_1
1CF897,ponto_conexao,SFOR,1_SFOR_1
85653,ponto_conexao,SFOR,1_SFOR_1
82091,ponto_conexao,SFOR,1_SFOR_1
9861,ponto_conexao,SFOR,1_SFOR_1
38731,ponto_conexao,SFOR,1_SFOR_1
38801,ponto_conexao,SFOR,1_SFOR_1
1CF18,ponto_conexao,SFOR,1_SFOR_1
84851,ponto_conexao,SFOR,1_SFOR_1
84872,ponto_conexao,SFOR,1_SFOR_1
3421,ponto_conexao,SFOR,1_SFOR_1
4261,ponto_conexao,SFOR,1_SFOR_1
4271,ponto_conexao,SFOR,1_SFOR_1
6631,ponto_conexao,SFOR,1_SFOR_1
71071,ponto_conexao,SFOR,1_SFOR_1
71091,ponto_conexao,SFOR,1_SFOR_1
71191,ponto_conexao,SFOR,1_SFOR_1
80221,ponto_conexao,SFOR,1_SFOR_1
1CF573,ponto_conexao,SFOR,1_SFOR_1
80241,ponto_conexao,SFOR,1_SFOR_1
72111,ponto_conexao,SFOR,1_SFOR_1
75401,ponto_conexao,SFOR,1_SFOR_1
85581,ponto_conexao,SFOR,1_SFOR_1
69141,ponto_conexao,SFOR,1_SFOR_1
4411,ponto_conexao,SFOR,1_SFOR_1
9871,ponto_conexao,SFOR,1_SFOR_1
83951,ponto_conexao,SFOR,1_SFOR_1
38811,ponto_conexao,SFOR,1_SFOR_1
45281,ponto_conexao,SFOR,1_SFOR_1
1RL975,ponto_conexao,SFOR,1_SFOR_1
74611,ponto_conexao,SFOR,1_SFOR_1
1CF92,ponto_conexao,SFOR,1_SFOR_1
6641,ponto_conexao,SFOR,1_SFOR_1
71081,ponto_conexao,SFOR,1_SFOR_1
71121,ponto_conexao,SFOR,1_SFOR_1
80211,ponto_conexao,SFOR,1_SFOR_1
36751,ponto_conexao,SFOR,1_SFOR_1
80021,ponto_conexao,SFOR,1_SFOR_1
80031,ponto_conexao,SFOR,1_SFOR_1
80071,ponto_conexao,SFOR,1_SFOR_1
1CF918,ponto_conexao,SFOR,1_SFOR_1
2561,ponto_conexao,SFOR,1_SFOR_1
1CF1050,ponto_conexao,SFOR,1_SFOR_1
1CF1060,ponto_conexao,SFOR,1_SFOR_1
38751,ponto_conexao,SFOR,1_SFOR_1
1CF542,ponto_conexao,SFOR,1_SFOR_1
38831,ponto_conexao,SFOR,1_SFOR_1
45301,ponto_conexao,SFOR,1_SFOR_1
84861,ponto_conexao,SFOR,1_SFOR_1
3431,ponto_conexao,SFOR,1_SFOR_1
4291,ponto_conexao,SFOR,1_SFOR_1
6651,ponto_conexao,SFOR,1_SFOR_1
78041,ponto_conexao,SFOR,1_SFOR_1
1CF887,ponto_conexao,SFOR,1_SFOR_1
80201,ponto_conexao,SFOR,1_SFOR_1
1CF574,ponto_conexao,SFOR,1_SFOR_1
36771,ponto_conexao,SFOR,1_SFOR_1
1CF575,ponto_conexao,SFOR,1_SFOR_1
1CF1025,ponto_conexao,SFOR,1_SFOR_1
72121,ponto_conexao,SFOR,1_SFOR_1
75751,ponto_conexao,SFOR,1_SFOR_1
4421,ponto_conexao,SFOR,1_SFOR_1
83961,ponto_conexao,SFOR,1_SFOR_1
38761,ponto_conexao,SFOR,1_SFOR_1
38821,ponto_conexao,SFOR,1_SFOR_1
38841,ponto_conexao,SFOR,1_SFOR_1
45311,ponto_conexao,SFOR,1_SFOR_1
1CF1080,ponto_conexao,SFOR,1_SFOR_1
3441,ponto_conexao,SFOR,1_SFOR_1
1CF988,ponto_conexao,SFOR,1_SFOR_1
77021,ponto_conexao,SFOR,1_SFOR_1
1CS110,ponto_conexao,SFOR,1_SFOR_1
1CF998,ponto_conexao,SFOR,1_SFOR_1
71131,ponto_conexao,SFOR,1_SFOR_1
36761,ponto_conexao,SFOR,1_SFOR_1
36781,ponto_conexao,SFOR,1_SFOR_1
80041,ponto_conexao,SFOR,1_SFOR_1
80081,ponto_conexao,SFOR,1_SFOR_1
2571,ponto_conexao,SFOR,1_SFOR_1
75421,ponto_conexao,SFOR,1_SFOR_1
75431,ponto_conexao,SFOR,1_SFOR_1
4431,ponto_conexao,SFOR,1_SFOR_1
83971,ponto_conexao,SFOR,1_SFOR_1
38771,ponto_conexao,SFOR,1_SFOR_1
38851,ponto_conexao,SFOR,1_SFOR_1
45321,ponto_conexao,SFOR,1_SFOR_1
84871,ponto_conexao,SFOR,1_SFOR_1
69181,ponto_conexao,SFOR,1_SFOR_1
4341,ponto_conexao,SFOR,1_SFOR_1
73561,ponto_conexao,SFOR,1_SFOR_1
40471,ponto_conexao,SFOR,1_SFOR_1
4752,ponto_conexao,SFOR,1_SFOR_1
78051,ponto_conexao,SFOR,1_SFOR_1
80051,ponto_conexao,SFOR,1_SFOR_1
80091,ponto_conexao,SFOR,1_SFOR_1
1721,ponto_conexao,SFOR,1_SFOR_1
75441,ponto_conexao,SFOR,1_SFOR_1
4441,ponto_conexao,SFOR,1_SFOR_1
83981,ponto_conexao,SFOR,1_SFOR_1
45331,ponto_conexao,SFOR,1_SFOR_1
76131,ponto_conexao,SFOR,1_SFOR_1
3461,ponto_conexao,SFOR,1_SFOR_1
1CF989,ponto_conexao,SFOR,1_SFOR_1
4761,ponto_conexao,SFOR,1_SFOR_1
6661,ponto_conexao,SFOR,1_SFOR_1
80061,ponto_conexao,SFOR,1_SFOR_1
1731,ponto_conexao,SFOR,1_SFOR_1
75451,ponto_conexao,SFOR,1_SFOR_1
4451,ponto_conexao,SFOR,1_SFOR_1
83991,ponto_conexao,SFOR,1_SFOR_1
45341,ponto_conexao,SFOR,1_SFOR_1
76231,ponto_conexao,SFOR,1_SFOR_1
3471,ponto_conexao,SFOR,1_SFOR_1
73571,ponto_conexao,SFOR,1_SFOR_1
4771,ponto_conexao,SFOR,1_SFOR_1
36831,ponto_conexao,SFOR,1_SFOR_1
1CF65,ponto_conexao,SFOR,1_SFOR_1
75411,ponto_conexao,SFOR,1_SFOR_1
75461,ponto_conexao,SFOR,1_SFOR_1
84001,ponto_conexao,SFOR,1_SFOR_1
45351,ponto_conexao,SFOR,1_SFOR_1
38702,ponto_conexao,SFOR,1_SFOR_1
1CF84,ponto_conexao,SFOR,1_SFOR_1
3491,ponto_conexao,SFOR,1_SFOR_1
4381,ponto_conexao,SFOR,1_SFOR_1
4781,ponto_conexao,SFOR,1_SFOR_1
36841,ponto_conexao,SFOR,1_SFOR_1
1871,ponto_conexao,SFOR,1_SFOR_1
1CF964,ponto_conexao,SFOR,1_SFOR_1
75471,ponto_conexao,SFOR,1_SFOR_1
84061,ponto_conexao,SFOR,1_SFOR_1
45361,ponto_conexao,SFOR,1_SFOR_1
76121,ponto_conexao,SFOR,1_SFOR_1
3481,ponto_conexao,SFOR,1_SFOR_1
3511,ponto_conexao,SFOR,1_SFOR_1
1CF101,ponto_conexao,SFOR,1_SFOR_1
4791,ponto_conexao,SFOR,1_SFOR_1
84411,ponto_conexao,SFOR,1_SFOR_1
1881,ponto_conexao,SFOR,1_SFOR_1
1741,ponto_conexao,SFOR,1_SFOR_1
75481,ponto_conexao,SFOR,1_SFOR_1
84081,ponto_conexao,SFOR,1_SFOR_1
45371,ponto_conexao,SFOR,1_SFOR_1
38712,ponto_conexao,SFOR,1_SFOR_1
211,ponto_conexao,SFOR,1_SFOR_1
6771,ponto_conexao,SFOR,1_SFOR_1
1CF102,ponto_conexao,SFOR,1_SFOR_1
4801,ponto_conexao,SFOR,1_SFOR_1
36861,ponto_conexao,SFOR,1_SFOR_1
1901,ponto_conexao,SFOR,1_SFOR_1
1CF66,ponto_conexao,SFOR,1_SFOR_1
1753,ponto_conexao,SFOR,1_SFOR_1
75491,ponto_conexao,SFOR,1_SFOR_1
1CF1061,ponto_conexao,SFOR,1_SFOR_1
45381,ponto_conexao,SFOR,1_SFOR_1
76111,ponto_conexao,SFOR,1_SFOR_1
231,ponto_conexao,SFOR,1_SFOR_1
6761,ponto_conexao,SFOR,1_SFOR_1
6781,ponto_conexao,SFOR,1_SFOR_1
1CF184,ponto_conexao,SFOR,1_SFOR_1
4811,ponto_conexao,SFOR,1_SFOR_1
36881,ponto_conexao,SFOR,1_SFOR_1
1891,ponto_conexao,SFOR,1_SFOR_1
1761,ponto_conexao,SFOR,1_SFOR_1
1CF68,ponto_conexao,SFOR,1_SFOR_1
84091,ponto_conexao,SFOR,1_SFOR_1
45391,ponto_conexao,SFOR,1_SFOR_1
38722,ponto_conexao,SFOR,1_SFOR_1
251,ponto_conexao,SFOR,1_SFOR_1
6751,ponto_conexao,SFOR,1_SFOR_1
75791,ponto_conexao,SFOR,1_SFOR_1
1CF103,ponto_conexao,SFOR,1_SFOR_1
36891,ponto_conexao,SFOR,1_SFOR_1
1771,ponto_conexao,SFOR,1_SFOR_1
1781,ponto_conexao,SFOR,1_SFOR_1
1CF455,ponto_conexao,SFOR,1_SFOR_1
45561,ponto_conexao,SFOR,1_SFOR_1
76101,ponto_conexao,SFOR,1_SFOR_1
321,ponto_conexao,SFOR,1_SFOR_1
4471,ponto_conexao,SFOR,1_SFOR_1
6741,ponto_conexao,SFOR,1_SFOR_1
6951,ponto_conexao,SFOR,1_SFOR_1
4821,ponto_conexao,SFOR,1_SFOR_1
36901,ponto_conexao,SFOR,1_SFOR_1
1951,ponto_conexao,SFOR,1_SFOR_1
1801,ponto_conexao,SFOR,1_SFOR_1
45401,ponto_conexao,SFOR,1_SFOR_1
45591,ponto_conexao,SFOR,1_SFOR_1
76091,ponto_conexao,SFOR,1_SFOR_1
1CF39,ponto_conexao,SFOR,1_SFOR_1
341,ponto_conexao,SFOR,1_SFOR_1
4481,ponto_conexao,SFOR,1_SFOR_1
6731,ponto_conexao,SFOR,1_SFOR_1
4831,ponto_conexao,SFOR,1_SFOR_1
36921,ponto_conexao,SFOR,1_SFOR_1
1961,ponto_conexao,SFOR,1_SFOR_1
1CF923,ponto_conexao,SFOR,1_SFOR_1
73791,ponto_conexao,SFOR,1_SFOR_1
45431,ponto_conexao,SFOR,1_SFOR_1
1CF458,ponto_conexao,SFOR,1_SFOR_1
45891,ponto_conexao,SFOR,1_SFOR_1
76081,ponto_conexao,SFOR,1_SFOR_1
331,ponto_conexao,SFOR,1_SFOR_1
1CF40,ponto_conexao,SFOR,1_SFOR_1
6901,ponto_conexao,SFOR,1_SFOR_1
72261,ponto_conexao,SFOR,1_SFOR_1
1CF104,ponto_conexao,SFOR,1_SFOR_1
4841,ponto_conexao,SFOR,1_SFOR_1
1CF577,ponto_conexao,SFOR,1_SFOR_1
36951,ponto_conexao,SFOR,1_SFOR_1
1971,ponto_conexao,SFOR,1_SFOR_1
72641,ponto_conexao,SFOR,1_SFOR_1
73801,ponto_conexao,SFOR,1_SFOR_1
45451,ponto_conexao,SFOR,1_SFOR_1
45581,ponto_conexao,SFOR,1_SFOR_1
75971,ponto_conexao,SFOR,1_SFOR_1
38802,ponto_conexao,SFOR,1_SFOR_1
351,ponto_conexao,SFOR,1_SFOR_1
1CF111,ponto_conexao,SFOR,1_SFOR_1
4491,ponto_conexao,SFOR,1_SFOR_1
6721,ponto_conexao,SFOR,1_SFOR_1
7271,ponto_conexao,SFOR,1_SFOR_1
4851,ponto_conexao,SFOR,1_SFOR_1
36931,ponto_conexao,SFOR,1_SFOR_1
36961,ponto_conexao,SFOR,1_SFOR_1
1CF69,ponto_conexao,SFOR,1_SFOR_1
72651,ponto_conexao,SFOR,1_SFOR_1
73811,ponto_conexao,SFOR,1_SFOR_1
1CF456,ponto_conexao,SFOR,1_SFOR_1
45461,ponto_conexao,SFOR,1_SFOR_1
45901,ponto_conexao,SFOR,1_SFOR_1
76071,ponto_conexao,SFOR,1_SFOR_1
361,ponto_conexao,SFOR,1_SFOR_1
6881,ponto_conexao,SFOR,1_SFOR_1
1CF95,ponto_conexao,SFOR,1_SFOR_1
6701,ponto_conexao,SFOR,1_SFOR_1
7261,ponto_conexao,SFOR,1_SFOR_1
69511,ponto_conexao,SFOR,1_SFOR_1
36971,ponto_conexao,SFOR,1_SFOR_1
72981,ponto_conexao,SFOR,1_SFOR_1
72661,ponto_conexao,SFOR,1_SFOR_1
1CF935,ponto_conexao,SFOR,1_SFOR_1
45441,ponto_conexao,SFOR,1_SFOR_1
45521,ponto_conexao,SFOR,1_SFOR_1
45911,ponto_conexao,SFOR,1_SFOR_1
76061,ponto_conexao,SFOR,1_SFOR_1
371,ponto_conexao,SFOR,1_SFOR_1
4501,ponto_conexao,SFOR,1_SFOR_1
7251,ponto_conexao,SFOR,1_SFOR_1
1CF855,ponto_conexao,SFOR,1_SFOR_1
4861,ponto_conexao,SFOR,1_SFOR_1
36981,ponto_conexao,SFOR,1_SFOR_1
1CF987,ponto_conexao,SFOR,1_SFOR_1
73051,ponto_conexao,SFOR,1_SFOR_1
72671,ponto_conexao,SFOR,1_SFOR_1
73821,ponto_conexao,SFOR,1_SFOR_1
75311,ponto_conexao,SFOR,1_SFOR_1
45921,ponto_conexao,SFOR,1_SFOR_1
38832,ponto_conexao,SFOR,1_SFOR_1
381,ponto_conexao,SFOR,1_SFOR_1
4511,ponto_conexao,SFOR,1_SFOR_1
69521,ponto_conexao,SFOR,1_SFOR_1
4871,ponto_conexao,SFOR,1_SFOR_1
1CF578,ponto_conexao,SFOR,1_SFOR_1
1981,ponto_conexao,SFOR,1_SFOR_1
1991,ponto_conexao,SFOR,1_SFOR_1
73061,ponto_conexao,SFOR,1_SFOR_1
77201,ponto_conexao,SFOR,1_SFOR_1
85811,ponto_conexao,SFOR,1_SFOR_1
45931,ponto_conexao,SFOR,1_SFOR_1
76051,ponto_conexao,SFOR,1_SFOR_1
391,ponto_conexao,SFOR,1_SFOR_1
4521,ponto_conexao,SFOR,1_SFOR_1
1CF105,ponto_conexao,SFOR,1_SFOR_1
37001,ponto_conexao,SFOR,1_SFOR_1
1CF1049,ponto_conexao,SFOR,1_SFOR_1
73071,ponto_conexao,SFOR,1_SFOR_1
1CF64,ponto_conexao,SFOR,1_SFOR_1
1CF459,ponto_conexao,SFOR,1_SFOR_1
45941,ponto_conexao,SFOR,1_SFOR_1
38842,ponto_conexao,SFOR,1_SFOR_1
401,ponto_conexao,SFOR,1_SFOR_1
4531,ponto_conexao,SFOR,1_SFOR_1
4881,ponto_conexao,SFOR,1_SFOR_1
1CF579,ponto_conexao,SFOR,1_SFOR_1
73021,ponto_conexao,SFOR,1_SFOR_1
1CF942,ponto_conexao,SFOR,1_SFOR_1
77211,ponto_conexao,SFOR,1_SFOR_1
45991,ponto_conexao,SFOR,1_SFOR_1
79191,ponto_conexao,SFOR,1_SFOR_1
76041,ponto_conexao,SFOR,1_SFOR_1
411,ponto_conexao,SFOR,1_SFOR_1
4541,ponto_conexao,SFOR,1_SFOR_1
37011,ponto_conexao,SFOR,1_SFOR_1
73031,ponto_conexao,SFOR,1_SFOR_1
73081,ponto_conexao,SFOR,1_SFOR_1
77241,ponto_conexao,SFOR,1_SFOR_1
46001,ponto_conexao,SFOR,1_SFOR_1
79201,ponto_conexao,SFOR,1_SFOR_1
38852,ponto_conexao,SFOR,1_SFOR_1
1CF41,ponto_conexao,SFOR,1_SFOR_1
431,ponto_conexao,SFOR,1_SFOR_1
4551,ponto_conexao,SFOR,1_SFOR_1
89711,ponto_conexao,SFOR,1_SFOR_1
73041,ponto_conexao,SFOR,1_SFOR_1
77251,ponto_conexao,SFOR,1_SFOR_1
79211,ponto_conexao,SFOR,1_SFOR_1
38921,ponto_conexao,SFOR,1_SFOR_1
421,ponto_conexao,SFOR,1_SFOR_1
481,ponto_conexao,SFOR,1_SFOR_1
89701,ponto_conexao,SFOR,1_SFOR_1
77281,ponto_conexao,SFOR,1_SFOR_1
79221,ponto_conexao,SFOR,1_SFOR_1
38911,ponto_conexao,SFOR,1_SFOR_1
491,ponto_conexao,SFOR,1_SFOR_1
89691,ponto_conexao,SFOR,1_SFOR_1
77291,ponto_conexao,SFOR,1_SFOR_1
79231,ponto_conexao,SFOR,1_SFOR_1
72221,ponto_conexao,SFOR,1_SFOR_1
501,ponto_conexao,SFOR,1_SFOR_1
89681,ponto_conexao,SFOR,1_SFOR_1
77301,ponto_conexao,SFOR,1_SFOR_1
79241,ponto_conexao,SFOR,1_SFOR_1
1CF543,ponto_conexao,SFOR,1_SFOR_1
38901,ponto_conexao,SFOR,1_SFOR_1
511,ponto_conexao,SFOR,1_SFOR_1
1CF1121,ponto_conexao,SFOR,1_SFOR_1
1CF1014,ponto_conexao,SFOR,1_SFOR_1
77331,ponto_conexao,SFOR,1_SFOR_1
79251,ponto_conexao,SFOR,1_SFOR_1
38861,ponto_conexao,SFOR,1_SFOR_1
1CS545,ponto_conexao,SFOR,1_SFOR_1
521,ponto_conexao,SFOR,1_SFOR_1
89671,ponto_conexao,SFOR,1_SFOR_1
77311,ponto_conexao,SFOR,1_SFOR_1
77361,ponto_conexao,SFOR,1_SFOR_1
79271,ponto_conexao,SFOR,1_SFOR_1
38871,ponto_conexao,SFOR,1_SFOR_1
38931,ponto_conexao,SFOR,1_SFOR_1
531,ponto_conexao,SFOR,1_SFOR_1
77321,ponto_conexao,SFOR,1_SFOR_1
77371,ponto_conexao,SFOR,1_SFOR_1
1CF461,ponto_conexao,SFOR,1_SFOR_1
79281,ponto_conexao,SFOR,1_SFOR_1
1CF544,ponto_conexao,SFOR,1_SFOR_1
38941,ponto_conexao,SFOR,1_SFOR_1
541,ponto_conexao,SFOR,1_SFOR_1
79131,ponto_conexao,SFOR,1_SFOR_1
77381,ponto_conexao,SFOR,1_SFOR_1
79261,ponto_conexao,SFOR,1_SFOR_1
79291,ponto_conexao,SFOR,1_SFOR_1
38881,ponto_conexao,SFOR,1_SFOR_1
38951,ponto_conexao,SFOR,1_SFOR_1
551,ponto_conexao,SFOR,1_SFOR_1
79141,ponto_conexao,SFOR,1_SFOR_1
77391,ponto_conexao,SFOR,1_SFOR_1
79301,ponto_conexao,SFOR,1_SFOR_1
75141,ponto_conexao,SFOR,1_SFOR_1
77951,ponto_conexao,SFOR,1_SFOR_1
1CF42,ponto_conexao,SFOR,1_SFOR_1
611,ponto_conexao,SFOR,1_SFOR_1
77401,ponto_conexao,SFOR,1_SFOR_1
79311,ponto_conexao,SFOR,1_SFOR_1
38961,ponto_conexao,SFOR,1_SFOR_1
1CF996,ponto_conexao,SFOR,1_SFOR_1
601,ponto_conexao,SFOR,1_SFOR_1
631,ponto_conexao,SFOR,1_SFOR_1
77411,ponto_conexao,SFOR,1_SFOR_1
1CF462,ponto_conexao,SFOR,1_SFOR_1
45851,ponto_conexao,SFOR,1_SFOR_1
38971,ponto_conexao,SFOR,1_SFOR_1
77961,ponto_conexao,SFOR,1_SFOR_1
641,ponto_conexao,SFOR,1_SFOR_1
77421,ponto_conexao,SFOR,1_SFOR_1
45811,ponto_conexao,SFOR,1_SFOR_1
45871,ponto_conexao,SFOR,1_SFOR_1
38981,ponto_conexao,SFOR,1_SFOR_1
77971,ponto_conexao,SFOR,1_SFOR_1
651,ponto_conexao,SFOR,1_SFOR_1
46591,ponto_conexao,SFOR,1_SFOR_1
38991,ponto_conexao,SFOR,1_SFOR_1
77981,ponto_conexao,SFOR,1_SFOR_1
1CF43,ponto_conexao,SFOR,1_SFOR_1
76491,ponto_conexao,SFOR,1_SFOR_1
46601,ponto_conexao,SFOR,1_SFOR_1
39001,ponto_conexao,SFOR,1_SFOR_1
77991,ponto_conexao,SFOR,1_SFOR_1
671,ponto_conexao,SFOR,1_SFOR_1
1CF1100,ponto_conexao,SFOR,1_SFOR_1
46611,ponto_conexao,SFOR,1_SFOR_1
1CF967,ponto_conexao,SFOR,1_SFOR_1
39011,ponto_conexao,SFOR,1_SFOR_1
78001,ponto_conexao,SFOR,1_SFOR_1
1CF44,ponto_conexao,SFOR,1_SFOR_1
76501,ponto_conexao,SFOR,1_SFOR_1
1CS463,ponto_conexao,SFOR,1_SFOR_1
46631,ponto_conexao,SFOR,1_SFOR_1
76021,ponto_conexao,SFOR,1_SFOR_1
1CF970,ponto_conexao,SFOR,1_SFOR_1
76001,ponto_conexao,SFOR,1_SFOR_1
681,ponto_conexao,SFOR,1_SFOR_1
76511,ponto_conexao,SFOR,1_SFOR_1
46931,ponto_conexao,SFOR,1_SFOR_1
1CF464,ponto_conexao,SFOR,1_SFOR_1
76031,ponto_conexao,SFOR,1_SFOR_1
68901,ponto_conexao,SFOR,1_SFOR_1
1CF928,ponto_conexao,SFOR,1_SFOR_1
76521,ponto_conexao,SFOR,1_SFOR_1
1CF468,ponto_conexao,SFOR,1_SFOR_1
46911,ponto_conexao,SFOR,1_SFOR_1
46641,ponto_conexao,SFOR,1_SFOR_1
76891,ponto_conexao,SFOR,1_SFOR_1
38781,ponto_conexao,SFOR,1_SFOR_1
72941,ponto_conexao,SFOR,1_SFOR_1
76531,ponto_conexao,SFOR,1_SFOR_1
88461,ponto_conexao,SFOR,1_SFOR_1
46881,ponto_conexao,SFOR,1_SFOR_1
46661,ponto_conexao,SFOR,1_SFOR_1
76901,ponto_conexao,SFOR,1_SFOR_1
1CS21,ponto_conexao,SFOR,1_SFOR_1
76541,ponto_conexao,SFOR,1_SFOR_1
46891,ponto_conexao,SFOR,1_SFOR_1
46681,ponto_conexao,SFOR,1_SFOR_1
76911,ponto_conexao,SFOR,1_SFOR_1
39021,ponto_conexao,SFOR,1_SFOR_1
1CF977,ponto_conexao,SFOR,1_SFOR_1
46901,ponto_conexao,SFOR,1_SFOR_1
1CF465,ponto_conexao,SFOR,1_SFOR_1
46921,ponto_conexao,SFOR,1_SFOR_1
39031,ponto_conexao,SFOR,1_SFOR_1
76551,ponto_conexao,SFOR,1_SFOR_1
46951,ponto_conexao,SFOR,1_SFOR_1
46701,ponto_conexao,SFOR,1_SFOR_1
46711,ponto_conexao,SFOR,1_SFOR_1
39041,ponto_conexao,SFOR,1_SFOR_1
76571,ponto_conexao,SFOR,1_SFOR_1
46961,ponto_conexao,SFOR,1_SFOR_1
46721,ponto_conexao,SFOR,1_SFOR_1
39051,ponto_conexao,SFOR,1_SFOR_1
46971,ponto_conexao,SFOR,1_SFOR_1
46731,ponto_conexao,SFOR,1_SFOR_1
1CF546,ponto_conexao,SFOR,1_SFOR_1
39091,ponto_conexao,SFOR,1_SFOR_1
46981,ponto_conexao,SFOR,1_SFOR_1
46741,ponto_conexao,SFOR,1_SFOR_1
39061,ponto_conexao,SFOR,1_SFOR_1
1CS547,ponto_conexao,SFOR,1_SFOR_1
46991,ponto_conexao,SFOR,1_SFOR_1
46751,ponto_conexao,SFOR,1_SFOR_1
39071,ponto_conexao,SFOR,1_SFOR_1
39101,ponto_conexao,SFOR,1_SFOR_1
47001,ponto_conexao,SFOR,1_SFOR_1
46761,ponto_conexao,SFOR,1_SFOR_1
39081,ponto_conexao,SFOR,1_SFOR_1
39111,ponto_conexao,SFOR,1_SFOR_1
1CF1003,ponto_conexao,SFOR,1_SFOR_1
1CF469,ponto_conexao,SFOR,1_SFOR_1
1CF466,ponto_conexao,SFOR,1_SFOR_1
39211,ponto_conexao,SFOR,1_SFOR_1
1CF549,ponto_conexao,SFOR,1_SFOR_1
38211,ponto_conexao,SFOR,1_SFOR_1
78161,ponto_conexao,SFOR,1_SFOR_1
71281,ponto_conexao,SFOR,1_SFOR_1
46771,ponto_conexao,SFOR,1_SFOR_1
39221,ponto_conexao,SFOR,1_SFOR_1
39131,ponto_conexao,SFOR,1_SFOR_1
1CF1111,ponto_conexao,SFOR,1_SFOR_1
38221,ponto_conexao,SFOR,1_SFOR_1
78171,ponto_conexao,SFOR,1_SFOR_1
47011,ponto_conexao,SFOR,1_SFOR_1
46781,ponto_conexao,SFOR,1_SFOR_1
39231,ponto_conexao,SFOR,1_SFOR_1
39141,ponto_conexao,SFOR,1_SFOR_1
88451,ponto_conexao,SFOR,1_SFOR_1
38231,ponto_conexao,SFOR,1_SFOR_1
1CF1017,ponto_conexao,SFOR,1_SFOR_1
79441,ponto_conexao,SFOR,1_SFOR_1
46791,ponto_conexao,SFOR,1_SFOR_1
39241,ponto_conexao,SFOR,1_SFOR_1
39151,ponto_conexao,SFOR,1_SFOR_1
38241,ponto_conexao,SFOR,1_SFOR_1
79461,ponto_conexao,SFOR,1_SFOR_1
79432,ponto_conexao,SFOR,1_SFOR_1
46801,ponto_conexao,SFOR,1_SFOR_1
39251,ponto_conexao,SFOR,1_SFOR_1
38251,ponto_conexao,SFOR,1_SFOR_1
38261,ponto_conexao,SFOR,1_SFOR_1
1CS470,ponto_conexao,SFOR,1_SFOR_1
46811,ponto_conexao,SFOR,1_SFOR_1
37251,ponto_conexao,SFOR,1_SFOR_1
38281,ponto_conexao,SFOR,1_SFOR_1
47081,ponto_conexao,SFOR,1_SFOR_1
46821,ponto_conexao,SFOR,1_SFOR_1
37261,ponto_conexao,SFOR,1_SFOR_1
38291,ponto_conexao,SFOR,1_SFOR_1
83471,ponto_conexao,SFOR,1_SFOR_1
1CS471,ponto_conexao,SFOR,1_SFOR_1
1CS472,ponto_conexao,SFOR,1_SFOR_1
46831,ponto_conexao,SFOR,1_SFOR_1
1FR557,ponto_conexao,SFOR,1_SFOR_1
38301,ponto_conexao,SFOR,1_SFOR_1
1CF1008,ponto_conexao,SFOR,1_SFOR_1
46121,ponto_conexao,SFOR,1_SFOR_1
47091,ponto_conexao,SFOR,1_SFOR_1
46841,ponto_conexao,SFOR,1_SFOR_1
37291,ponto_conexao,SFOR,1_SFOR_1
38311,ponto_conexao,SFOR,1_SFOR_1
83481,ponto_conexao,SFOR,1_SFOR_1
46201,ponto_conexao,SFOR,1_SFOR_1
47101,ponto_conexao,SFOR,1_SFOR_1
46851,ponto_conexao,SFOR,1_SFOR_1
37301,ponto_conexao,SFOR,1_SFOR_1
1CF552,ponto_conexao,SFOR,1_SFOR_1
38321,ponto_conexao,SFOR,1_SFOR_1
83491,ponto_conexao,SFOR,1_SFOR_1
1CF473,ponto_conexao,SFOR,1_SFOR_1
46211,ponto_conexao,SFOR,1_SFOR_1
47111,ponto_conexao,SFOR,1_SFOR_1
46861,ponto_conexao,SFOR,1_SFOR_1
1CF558,ponto_conexao,SFOR,1_SFOR_1
37421,ponto_conexao,SFOR,1_SFOR_1
38331,ponto_conexao,SFOR,1_SFOR_1
38491,ponto_conexao,SFOR,1_SFOR_1
38392,ponto_conexao,SFOR,1_SFOR_1
46131,ponto_conexao,SFOR,1_SFOR_1
1CF475,ponto_conexao,SFOR,1_SFOR_1
46221,ponto_conexao,SFOR,1_SFOR_1
47121,ponto_conexao,SFOR,1_SFOR_1
1CF467,ponto_conexao,SFOR,1_SFOR_1
85751,ponto_conexao,SFOR,1_SFOR_1
37431,ponto_conexao,SFOR,1_SFOR_1
81731,ponto_conexao,SFOR,1_SFOR_1
38401,ponto_conexao,SFOR,1_SFOR_1
46141,ponto_conexao,SFOR,1_SFOR_1
46241,ponto_conexao,SFOR,1_SFOR_1
46231,ponto_conexao,SFOR,1_SFOR_1
47131,ponto_conexao,SFOR,1_SFOR_1
47141,ponto_conexao,SFOR,1_SFOR_1
46871,ponto_conexao,SFOR,1_SFOR_1
1CF1078,ponto_conexao,SFOR,1_SFOR_1
37331,ponto_conexao,SFOR,1_SFOR_1
37491,ponto_conexao,SFOR,1_SFOR_1
38501,ponto_conexao,SFOR,1_SFOR_1
38411,ponto_conexao,SFOR,1_SFOR_1
46151,ponto_conexao,SFOR,1_SFOR_1
46251,ponto_conexao,SFOR,1_SFOR_1
46361,ponto_conexao,SFOR,1_SFOR_1
47591,ponto_conexao,SFOR,1_SFOR_1
47151,ponto_conexao,SFOR,1_SFOR_1
85741,ponto_conexao,SFOR,1_SFOR_1
37341,ponto_conexao,SFOR,1_SFOR_1
37471,ponto_conexao,SFOR,1_SFOR_1
38521,ponto_conexao,SFOR,1_SFOR_1
1CF551,ponto_conexao,SFOR,1_SFOR_1
46161,ponto_conexao,SFOR,1_SFOR_1
46271,ponto_conexao,SFOR,1_SFOR_1
46371,ponto_conexao,SFOR,1_SFOR_1
47601,ponto_conexao,SFOR,1_SFOR_1
47161,ponto_conexao,SFOR,1_SFOR_1
83801,ponto_conexao,SFOR,1_SFOR_1
1CF559,ponto_conexao,SFOR,1_SFOR_1
37051,ponto_conexao,SFOR,1_SFOR_1
38541,ponto_conexao,SFOR,1_SFOR_1
72411,ponto_conexao,SFOR,1_SFOR_1
38421,ponto_conexao,SFOR,1_SFOR_1
1CF965,ponto_conexao,SFOR,1_SFOR_1
46171,ponto_conexao,SFOR,1_SFOR_1
46281,ponto_conexao,SFOR,1_SFOR_1
1FR477,ponto_conexao,SFOR,1_SFOR_1
1CF487,ponto_conexao,SFOR,1_SFOR_1
47171,ponto_conexao,SFOR,1_SFOR_1
1CF1059,ponto_conexao,SFOR,1_SFOR_1
37441,ponto_conexao,SFOR,1_SFOR_1
37061,ponto_conexao,SFOR,1_SFOR_1
38551,ponto_conexao,SFOR,1_SFOR_1
72421,ponto_conexao,SFOR,1_SFOR_1
73551,ponto_conexao,SFOR,1_SFOR_1
46181,ponto_conexao,SFOR,1_SFOR_1
1CF476,ponto_conexao,SFOR,1_SFOR_1
46401,ponto_conexao,SFOR,1_SFOR_1
47611,ponto_conexao,SFOR,1_SFOR_1
47181,ponto_conexao,SFOR,1_SFOR_1
83811,ponto_conexao,SFOR,1_SFOR_1
37071,ponto_conexao,SFOR,1_SFOR_1
38561,ponto_conexao,SFOR,1_SFOR_1
1CF922,ponto_conexao,SFOR,1_SFOR_1
1CF474,ponto_conexao,SFOR,1_SFOR_1
46291,ponto_conexao,SFOR,1_SFOR_1
46411,ponto_conexao,SFOR,1_SFOR_1
47191,ponto_conexao,SFOR,1_SFOR_1
83821,ponto_conexao,SFOR,1_SFOR_1
37081,ponto_conexao,SFOR,1_SFOR_1
1CF554,ponto_conexao,SFOR,1_SFOR_1
38571,ponto_conexao,SFOR,1_SFOR_1
72431,ponto_conexao,SFOR,1_SFOR_1
46191,ponto_conexao,SFOR,1_SFOR_1
46421,ponto_conexao,SFOR,1_SFOR_1
47201,ponto_conexao,SFOR,1_SFOR_1
83831,ponto_conexao,SFOR,1_SFOR_1
1CF560,ponto_conexao,SFOR,1_SFOR_1
37121,ponto_conexao,SFOR,1_SFOR_1
38591,ponto_conexao,SFOR,1_SFOR_1
1CF555,ponto_conexao,SFOR,1_SFOR_1
46441,ponto_conexao,SFOR,1_SFOR_1
47661,ponto_conexao,SFOR,1_SFOR_1
83841,ponto_conexao,SFOR,1_SFOR_1
37091,ponto_conexao,SFOR,1_SFOR_1
1CF562,ponto_conexao,SFOR,1_SFOR_1
1CS561,ponto_conexao,SFOR,1_SFOR_1
38601,ponto_conexao,SFOR,1_SFOR_1
38581,ponto_conexao,SFOR,1_SFOR_1
1CF478,ponto_conexao,SFOR,1_SFOR_1
46451,ponto_conexao,SFOR,1_SFOR_1
47671,ponto_conexao,SFOR,1_SFOR_1
84421,ponto_conexao,SFOR,1_SFOR_1
83851,ponto_conexao,SFOR,1_SFOR_1
37101,ponto_conexao,SFOR,1_SFOR_1
37141,ponto_conexao,SFOR,1_SFOR_1
37131,ponto_conexao,SFOR,1_SFOR_1
38611,ponto_conexao,SFOR,1_SFOR_1
47501,ponto_conexao,SFOR,1_SFOR_1
46461,ponto_conexao,SFOR,1_SFOR_1
47701,ponto_conexao,SFOR,1_SFOR_1
1CF1065,ponto_conexao,SFOR,1_SFOR_1
37111,ponto_conexao,SFOR,1_SFOR_1
37161,ponto_conexao,SFOR,1_SFOR_1
37151,ponto_conexao,SFOR,1_SFOR_1
38621,ponto_conexao,SFOR,1_SFOR_1
47511,ponto_conexao,SFOR,1_SFOR_1
46471,ponto_conexao,SFOR,1_SFOR_1
1CF488,ponto_conexao,SFOR,1_SFOR_1
47741,ponto_conexao,SFOR,1_SFOR_1
84431,ponto_conexao,SFOR,1_SFOR_1
38061,ponto_conexao,SFOR,1_SFOR_1
37171,ponto_conexao,SFOR,1_SFOR_1
38081,ponto_conexao,SFOR,1_SFOR_1
38641,ponto_conexao,SFOR,1_SFOR_1
47541,ponto_conexao,SFOR,1_SFOR_1
46481,ponto_conexao,SFOR,1_SFOR_1
47711,ponto_conexao,SFOR,1_SFOR_1
47751,ponto_conexao,SFOR,1_SFOR_1
38051,ponto_conexao,SFOR,1_SFOR_1
37181,ponto_conexao,SFOR,1_SFOR_1
38091,ponto_conexao,SFOR,1_SFOR_1
38631,ponto_conexao,SFOR,1_SFOR_1
47551,ponto_conexao,SFOR,1_SFOR_1
46491,ponto_conexao,SFOR,1_SFOR_1
47761,ponto_conexao,SFOR,1_SFOR_1
38041,ponto_conexao,SFOR,1_SFOR_1
37191,ponto_conexao,SFOR,1_SFOR_1
38101,ponto_conexao,SFOR,1_SFOR_1
38651,ponto_conexao,SFOR,1_SFOR_1
1CF479,ponto_conexao,SFOR,1_SFOR_1
46511,ponto_conexao,SFOR,1_SFOR_1
47771,ponto_conexao,SFOR,1_SFOR_1
38031,ponto_conexao,SFOR,1_SFOR_1
37211,ponto_conexao,SFOR,1_SFOR_1
38111,ponto_conexao,SFOR,1_SFOR_1
38661,ponto_conexao,SFOR,1_SFOR_1
47561,ponto_conexao,SFOR,1_SFOR_1
1CF480,ponto_conexao,SFOR,1_SFOR_1
46531,ponto_conexao,SFOR,1_SFOR_1
47781,ponto_conexao,SFOR,1_SFOR_1
38021,ponto_conexao,SFOR,1_SFOR_1
37221,ponto_conexao,SFOR,1_SFOR_1
38121,ponto_conexao,SFOR,1_SFOR_1
38671,ponto_conexao,SFOR,1_SFOR_1
46501,ponto_conexao,SFOR,1_SFOR_1
46541,ponto_conexao,SFOR,1_SFOR_1
47791,ponto_conexao,SFOR,1_SFOR_1
71731,ponto_conexao,SFOR,1_SFOR_1
37231,ponto_conexao,SFOR,1_SFOR_1
38131,ponto_conexao,SFOR,1_SFOR_1
38681,ponto_conexao,SFOR,1_SFOR_1
46551,ponto_conexao,SFOR,1_SFOR_1
47801,ponto_conexao,SFOR,1_SFOR_1
1CF633,ponto_conexao,SFOR,1_SFOR_1
38011,ponto_conexao,SFOR,1_SFOR_1
1CF563,ponto_conexao,SFOR,1_SFOR_1
1CF903,ponto_conexao,SFOR,1_SFOR_1
38161,ponto_conexao,SFOR,1_SFOR_1
46561,ponto_conexao,SFOR,1_SFOR_1
1CF489,ponto_conexao,SFOR,1_SFOR_1
71741,ponto_conexao,SFOR,1_SFOR_1
1CF564,ponto_conexao,SFOR,1_SFOR_1
37991,ponto_conexao,SFOR,1_SFOR_1
37241,ponto_conexao,SFOR,1_SFOR_1
38141,ponto_conexao,SFOR,1_SFOR_1
1CF570,ponto_conexao,SFOR,1_SFOR_1
37891,ponto_conexao,SFOR,1_SFOR_1
46571,ponto_conexao,SFOR,1_SFOR_1
73141,ponto_conexao,SFOR,1_SFOR_1
71751,ponto_conexao,SFOR,1_SFOR_1
68181,ponto_conexao,SFOR,1_SFOR_1
68191,ponto_conexao,SFOR,1_SFOR_1
38151,ponto_conexao,SFOR,1_SFOR_1
38171,ponto_conexao,SFOR,1_SFOR_1
37881,ponto_conexao,SFOR,1_SFOR_1
1CF481,ponto_conexao,SFOR,1_SFOR_1
47221,ponto_conexao,SFOR,1_SFOR_1
1CS490,ponto_conexao,SFOR,1_SFOR_1
73151,ponto_conexao,SFOR,1_SFOR_1
68201,ponto_conexao,SFOR,1_SFOR_1
37751,ponto_conexao,SFOR,1_SFOR_1
38181,ponto_conexao,SFOR,1_SFOR_1
37871,ponto_conexao,SFOR,1_SFOR_1
46581,ponto_conexao,SFOR,1_SFOR_1
47231,ponto_conexao,SFOR,1_SFOR_1
73201,ponto_conexao,SFOR,1_SFOR_1
1CF484,ponto_conexao,SFOR,1_SFOR_1
37761,ponto_conexao,SFOR,1_SFOR_1
37861,ponto_conexao,SFOR,1_SFOR_1
48331,ponto_conexao,SFOR,1_SFOR_1
47241,ponto_conexao,SFOR,1_SFOR_1
73211,ponto_conexao,SFOR,1_SFOR_1
73161,ponto_conexao,SFOR,1_SFOR_1
37771,ponto_conexao,SFOR,1_SFOR_1
37781,ponto_conexao,SFOR,1_SFOR_1
37741,ponto_conexao,SFOR,1_SFOR_1
48321,ponto_conexao,SFOR,1_SFOR_1
1CF482,ponto_conexao,SFOR,1_SFOR_1
73221,ponto_conexao,SFOR,1_SFOR_1
73171,ponto_conexao,SFOR,1_SFOR_1
37831,ponto_conexao,SFOR,1_SFOR_1
1CF566,ponto_conexao,SFOR,1_SFOR_1
37821,ponto_conexao,SFOR,1_SFOR_1
37731,ponto_conexao,SFOR,1_SFOR_1
48311,ponto_conexao,SFOR,1_SFOR_1
47251,ponto_conexao,SFOR,1_SFOR_1
73231,ponto_conexao,SFOR,1_SFOR_1
73191,ponto_conexao,SFOR,1_SFOR_1
37841,ponto_conexao,SFOR,1_SFOR_1
37791,ponto_conexao,SFOR,1_SFOR_1
1CF568,ponto_conexao,SFOR,1_SFOR_1
37651,ponto_conexao,SFOR,1_SFOR_1
48301,ponto_conexao,SFOR,1_SFOR_1
47261,ponto_conexao,SFOR,1_SFOR_1
73241,ponto_conexao,SFOR,1_SFOR_1
47882,ponto_conexao,SFOR,1_SFOR_1
1CF565,ponto_conexao,SFOR,1_SFOR_1
37801,ponto_conexao,SFOR,1_SFOR_1
37901,ponto_conexao,SFOR,1_SFOR_1
37621,ponto_conexao,SFOR,1_SFOR_1
37641,ponto_conexao,SFOR,1_SFOR_1
48291,ponto_conexao,SFOR,1_SFOR_1
47271,ponto_conexao,SFOR,1_SFOR_1
73251,ponto_conexao,SFOR,1_SFOR_1
37851,ponto_conexao,SFOR,1_SFOR_1
37951,ponto_conexao,SFOR,1_SFOR_1
37911,ponto_conexao,SFOR,1_SFOR_1
37611,ponto_conexao,SFOR,1_SFOR_1
1CF571,ponto_conexao,SFOR,1_SFOR_1
45131,ponto_conexao,SFOR,1_SFOR_1
48281,ponto_conexao,SFOR,1_SFOR_1
47281,ponto_conexao,SFOR,1_SFOR_1
73261,ponto_conexao,SFOR,1_SFOR_1
1CF567,ponto_conexao,SFOR,1_SFOR_1
37921,ponto_conexao,SFOR,1_SFOR_1
37601,ponto_conexao,SFOR,1_SFOR_1
37631,ponto_conexao,SFOR,1_SFOR_1
45141,ponto_conexao,SFOR,1_SFOR_1
48271,ponto_conexao,SFOR,1_SFOR_1
47311,ponto_conexao,SFOR,1_SFOR_1
73271,ponto_conexao,SFOR,1_SFOR_1
37961,ponto_conexao,SFOR,1_SFOR_1
37931,ponto_conexao,SFOR,1_SFOR_1
37561,ponto_conexao,SFOR,1_SFOR_1
1CF990,ponto_conexao,SFOR,1_SFOR_1
48261,ponto_conexao,SFOR,1_SFOR_1
47321,ponto_conexao,SFOR,1_SFOR_1
73281,ponto_conexao,SFOR,1_SFOR_1
37971,ponto_conexao,SFOR,1_SFOR_1
1CF572,ponto_conexao,SFOR,1_SFOR_1
45151,ponto_conexao,SFOR,1_SFOR_1
48231,ponto_conexao,SFOR,1_SFOR_1
1CF483,ponto_conexao,SFOR,1_SFOR_1
47331,ponto_conexao,SFOR,1_SFOR_1
73291,ponto_conexao,SFOR,1_SFOR_1
1CF569,ponto_conexao,SFOR,1_SFOR_1
37551,ponto_conexao,SFOR,1_SFOR_1
45161,ponto_conexao,SFOR,1_SFOR_1
1CF492,ponto_conexao,SFOR,1_SFOR_1
48241,ponto_conexao,SFOR,1_SFOR_1
47301,ponto_conexao,SFOR,1_SFOR_1
47341,ponto_conexao,SFOR,1_SFOR_1
73301,ponto_conexao,SFOR,1_SFOR_1
37981,ponto_conexao,SFOR,1_SFOR_1
45171,ponto_conexao,SFOR,1_SFOR_1
48221,ponto_conexao,SFOR,1_SFOR_1
1CF493,ponto_conexao,SFOR,1_SFOR_1
48341,ponto_conexao,SFOR,1_SFOR_1
47291,ponto_conexao,SFOR,1_SFOR_1
47351,ponto_conexao,SFOR,1_SFOR_1
73311,ponto_conexao,SFOR,1_SFOR_1
45181,ponto_conexao,SFOR,1_SFOR_1
48211,ponto_conexao,SFOR,1_SFOR_1
1CF494,ponto_conexao,SFOR,1_SFOR_1
47361,ponto_conexao,SFOR,1_SFOR_1
73321,ponto_conexao,SFOR,1_SFOR_1
45201,ponto_conexao,SFOR,1_SFOR_1
48201,ponto_conexao,SFOR,1_SFOR_1
48351,ponto_conexao,SFOR,1_SFOR_1
47371,ponto_conexao,SFOR,1_SFOR_1
73331,ponto_conexao,SFOR,1_SFOR_1
45221,ponto_conexao,SFOR,1_SFOR_1
48191,ponto_conexao,SFOR,1_SFOR_1
48361,ponto_conexao,SFOR,1_SFOR_1
47391,ponto_conexao,SFOR,1_SFOR_1
73341,ponto_conexao,SFOR,1_SFOR_1
1CF991,ponto_conexao,SFOR,1_SFOR_1
1CF1004,ponto_conexao,SFOR,1_SFOR_1
48181,ponto_conexao,SFOR,1_SFOR_1
48371,ponto_conexao,SFOR,1_SFOR_1
1CF485,ponto_conexao,SFOR,1_SFOR_1
47401,ponto_conexao,SFOR,1_SFOR_1
73351,ponto_conexao,SFOR,1_SFOR_1
45231,ponto_conexao,SFOR,1_SFOR_1
78201,ponto_conexao,SFOR,1_SFOR_1
48171,ponto_conexao,SFOR,1_SFOR_1
84451,ponto_conexao,SFOR,1_SFOR_1
47381,ponto_conexao,SFOR,1_SFOR_1
47411,ponto_conexao,SFOR,1_SFOR_1
73361,ponto_conexao,SFOR,1_SFOR_1
48161,ponto_conexao,SFOR,1_SFOR_1
48381,ponto_conexao,SFOR,1_SFOR_1
84461,ponto_conexao,SFOR,1_SFOR_1
47421,ponto_conexao,SFOR,1_SFOR_1
1CF497,ponto_conexao,SFOR,1_SFOR_1
73371,ponto_conexao,SFOR,1_SFOR_1
1CF496,ponto_conexao,SFOR,1_SFOR_1
47431,ponto_conexao,SFOR,1_SFOR_1
49691,ponto_conexao,SFOR,1_SFOR_1
1CF502,ponto_conexao,SFOR,1_SFOR_1
73381,ponto_conexao,SFOR,1_SFOR_1
48151,ponto_conexao,SFOR,1_SFOR_1
47451,ponto_conexao,SFOR,1_SFOR_1
49721,ponto_conexao,SFOR,1_SFOR_1
73391,ponto_conexao,SFOR,1_SFOR_1
1CF486,ponto_conexao,SFOR,1_SFOR_1
49711,ponto_conexao,SFOR,1_SFOR_1
73401,ponto_conexao,SFOR,1_SFOR_1
47461,ponto_conexao,SFOR,1_SFOR_1
49701,ponto_conexao,SFOR,1_SFOR_1
73411,ponto_conexao,SFOR,1_SFOR_1
1CF498,ponto_conexao,SFOR,1_SFOR_1
73421,ponto_conexao,SFOR,1_SFOR_1
49631,ponto_conexao,SFOR,1_SFOR_1
73431,ponto_conexao,SFOR,1_SFOR_1
1CF499,ponto_conexao,SFOR,1_SFOR_1
73441,ponto_conexao,SFOR,1_SFOR_1
73461,ponto_conexao,SFOR,1_SFOR_1
73451,ponto_conexao,SFOR,1_SFOR_1
73471,ponto_conexao,SFOR,1_SFOR_1
1CS929,ponto_conexao,SFOR,1_SFOR_1
73481,ponto_conexao,SFOR,1_SFOR_1
49741,ponto_conexao,SFOR,1_SFOR_1
73491,ponto_conexao,SFOR,1_SFOR_1
49751,ponto_conexao,SFOR,1_SFOR_1
73501,ponto_conexao,SFOR,1_SFOR_1
49761,ponto_conexao,SFOR,1_SFOR_1
73511,ponto_conexao,SFOR,1_SFOR_1
49771,ponto_conexao,SFOR,1_SFOR_1
73521,ponto_conexao,SFOR,1_SFOR_1
49781,ponto_conexao,SFOR,1_SFOR_1
73531,ponto_conexao,SFOR,1_SFOR_1
1CF503,ponto_conexao,SFOR,1_SFOR_1
49791,ponto_conexao,SFOR,1_SFOR_1
49901,ponto_conexao,SFOR,1_SFOR_1
1CF500,ponto_conexao,SFOR,1_SFOR_1
49831,ponto_conexao,SFOR,1_SFOR_1
1CF505,ponto_conexao,SFOR,1_SFOR_1
51791,ponto_conexao,SFOR,1_SFOR_1
73541,ponto_conexao,SFOR,1_SFOR_1
49841,ponto_conexao,SFOR,1_SFOR_1
49801,ponto_conexao,SFOR,1_SFOR_1
51801,ponto_conexao,SFOR,1_SFOR_1
83291,ponto_conexao,SFOR,1_SFOR_1
49851,ponto_conexao,SFOR,1_SFOR_1
79651,ponto_conexao,SFOR,1_SFOR_1
83311,ponto_conexao,SFOR,1_SFOR_1
49861,ponto_conexao,SFOR,1_SFOR_1
51811,ponto_conexao,SFOR,1_SFOR_1
49921,ponto_conexao,SFOR,1_SFOR_1
49871,ponto_conexao,SFOR,1_SFOR_1
1CS507,ponto_conexao,SFOR,1_SFOR_1
49931,ponto_conexao,SFOR,1_SFOR_1
1CF504,ponto_conexao,SFOR,1_SFOR_1
51821,ponto_conexao,SFOR,1_SFOR_1
1CF506,ponto_conexao,SFOR,1_SFOR_1
49881,ponto_conexao,SFOR,1_SFOR_1
51831,ponto_conexao,SFOR,1_SFOR_1
49941,ponto_conexao,SFOR,1_SFOR_1
51841,ponto_conexao,SFOR,1_SFOR_1
51851,ponto_conexao,SFOR,1_SFOR_1
51861,ponto_conexao,SFOR,1_SFOR_1
49421,ponto_conexao,SFOR,1_SFOR_1
49411,ponto_conexao,SFOR,1_SFOR_1
49401,ponto_conexao,SFOR,1_SFOR_1
49391,ponto_conexao,SFOR,1_SFOR_1
49381,ponto_conexao,SFOR,1_SFOR_1
49371,ponto_conexao,SFOR,1_SFOR_1
49331,ponto_conexao,SFOR,1_SFOR_1
49341,ponto_conexao,SFOR,1_SFOR_1
49361,ponto_conexao,SFOR,1_SFOR_1
49351,ponto_conexao,SFOR,1_SFOR_1
49431,ponto_conexao,SFOR,1_SFOR_1
49321,ponto_conexao,SFOR,1_SFOR_1
49441,ponto_conexao,SFOR,1_SFOR_1
1CF508,ponto_conexao,SFOR,1_SFOR_1
49451,ponto_conexao,SFOR,1_SFOR_1
49461,ponto_conexao,SFOR,1_SFOR_1
49311,ponto_conexao,SFOR,1_SFOR_1
49481,ponto_conexao,SFOR,1_SFOR_1
49471,ponto_conexao,SFOR,1_SFOR_1
49301,ponto_conexao,SFOR,1_SFOR_1
49491,ponto_conexao,SFOR,1_SFOR_1
50901,ponto_conexao,SFOR,1_SFOR_1
49291,ponto_conexao,SFOR,1_SFOR_1
49501,ponto_conexao,SFOR,1_SFOR_1
50891,ponto_conexao,SFOR,1_SFOR_1
50911,ponto_conexao,SFOR,1_SFOR_1
1CF509,ponto_conexao,SFOR,1_SFOR_1
1CF510,ponto_conexao,SFOR,1_SFOR_1
50881,ponto_conexao,SFOR,1_SFOR_1
50921,ponto_conexao,SFOR,1_SFOR_1
49281,ponto_conexao,SFOR,1_SFOR_1
49511,ponto_conexao,SFOR,1_SFOR_1
50931,ponto_conexao,SFOR,1_SFOR_1
51041,ponto_conexao,SFOR,1_SFOR_1
49251,ponto_conexao,SFOR,1_SFOR_1
49531,ponto_conexao,SFOR,1_SFOR_1
1CF513,ponto_conexao,SFOR,1_SFOR_1
51051,ponto_conexao,SFOR,1_SFOR_1
49521,ponto_conexao,SFOR,1_SFOR_1
49561,ponto_conexao,SFOR,1_SFOR_1
50941,ponto_conexao,SFOR,1_SFOR_1
1CS514,ponto_conexao,SFOR,1_SFOR_1
49541,ponto_conexao,SFOR,1_SFOR_1
49571,ponto_conexao,SFOR,1_SFOR_1
51071,ponto_conexao,SFOR,1_SFOR_1
49551,ponto_conexao,SFOR,1_SFOR_1
1CF511,ponto_conexao,SFOR,1_SFOR_1
1CF515,ponto_conexao,SFOR,1_SFOR_1
51101,ponto_conexao,SFOR,1_SFOR_1
49581,ponto_conexao,SFOR,1_SFOR_1
51081,ponto_conexao,SFOR,1_SFOR_1
1CF516,ponto_conexao,SFOR,1_SFOR_1
51551,ponto_conexao,SFOR,1_SFOR_1
49961,ponto_conexao,SFOR,1_SFOR_1
51571,ponto_conexao,SFOR,1_SFOR_1
49971,ponto_conexao,SFOR,1_SFOR_1
1CF518,ponto_conexao,SFOR,1_SFOR_1
51641,ponto_conexao,SFOR,1_SFOR_1
49991,ponto_conexao,SFOR,1_SFOR_1
51561,ponto_conexao,SFOR,1_SFOR_1
1CF520,ponto_conexao,SFOR,1_SFOR_1
51661,ponto_conexao,SFOR,1_SFOR_1
1CF517,ponto_conexao,SFOR,1_SFOR_1
51581,ponto_conexao,SFOR,1_SFOR_1
51651,ponto_conexao,SFOR,1_SFOR_1
51671,ponto_conexao,SFOR,1_SFOR_1
51711,ponto_conexao,SFOR,1_SFOR_1
50001,ponto_conexao,SFOR,1_SFOR_1
51591,ponto_conexao,SFOR,1_SFOR_1
1CF521,ponto_conexao,SFOR,1_SFOR_1
51731,ponto_conexao,SFOR,1_SFOR_1
50011,ponto_conexao,SFOR,1_SFOR_1
51601,ponto_conexao,SFOR,1_SFOR_1
51681,ponto_conexao,SFOR,1_SFOR_1
1CF522,ponto_conexao,SFOR,1_SFOR_1
75801,ponto_conexao,SFOR,1_SFOR_1
51611,ponto_conexao,SFOR,1_SFOR_1
51721,ponto_conexao,SFOR,1_SFOR_1
1CF966,ponto_conexao,SFOR,1_SFOR_1
51741,ponto_conexao,SFOR,1_SFOR_1
51621,ponto_conexao,SFOR,1_SFOR_1
75811,ponto_conexao,SFOR,1_SFOR_1
51751,ponto_conexao,SFOR,1_SFOR_1
1CF519,ponto_conexao,SFOR,1_SFOR_1
50601,ponto_conexao,SFOR,1_SFOR_1
51761,ponto_conexao,SFOR,1_SFOR_1
51631,ponto_conexao,SFOR,1_SFOR_1
1FR523,ponto_conexao,SFOR,1_SFOR_1
50631,ponto_conexao,SFOR,1_SFOR_1
51461,ponto_conexao,SFOR,1_SFOR_1
51752,ponto_conexao,SFOR,1_SFOR_1
50641,ponto_conexao,SFOR,1_SFOR_1
51471,ponto_conexao,SFOR,1_SFOR_1
51771,ponto_conexao,SFOR,1_SFOR_1
1CF524,ponto_conexao,SFOR,1_SFOR_1
50851,ponto_conexao,SFOR,1_SFOR_1
1CF533,ponto_conexao,SFOR,1_SFOR_1
51781,ponto_conexao,SFOR,1_SFOR_1
50831,ponto_conexao,SFOR,1_SFOR_1
50861,ponto_conexao,SFOR,1_SFOR_1
51481,ponto_conexao,SFOR,1_SFOR_1
50651,ponto_conexao,SFOR,1_SFOR_1
1CF525,ponto_conexao,SFOR,1_SFOR_1
51491,ponto_conexao,SFOR,1_SFOR_1
50661,ponto_conexao,SFOR,1_SFOR_1
50871,ponto_conexao,SFOR,1_SFOR_1
51501,ponto_conexao,SFOR,1_SFOR_1
50671,ponto_conexao,SFOR,1_SFOR_1
51541,ponto_conexao,SFOR,1_SFOR_1
50681,ponto_conexao,SFOR,1_SFOR_1
51531,ponto_conexao,SFOR,1_SFOR_1
88221,ponto_conexao,SFOR,1_SFOR_1
50691,ponto_conexao,SFOR,1_SFOR_1
51521,ponto_conexao,SFOR,1_SFOR_1
88231,ponto_conexao,SFOR,1_SFOR_1
50701,ponto_conexao,SFOR,1_SFOR_1
51511,ponto_conexao,SFOR,1_SFOR_1
50711,ponto_conexao,SFOR,1_SFOR_1
71551,ponto_conexao,SFOR,1_SFOR_1
51311,ponto_conexao,SFOR,1_SFOR_1
1CF534,ponto_conexao,SFOR,1_SFOR_1
71561,ponto_conexao,SFOR,1_SFOR_1
51301,ponto_conexao,SFOR,1_SFOR_1
71541,ponto_conexao,SFOR,1_SFOR_1
1CF538,ponto_conexao,SFOR,1_SFOR_1
80431,ponto_conexao,SFOR,1_SFOR_1
1CF535,ponto_conexao,SFOR,1_SFOR_1
71531,ponto_conexao,SFOR,1_SFOR_1
71571,ponto_conexao,SFOR,1_SFOR_1
1CF1029,ponto_conexao,SFOR,1_SFOR_1
51291,ponto_conexao,SFOR,1_SFOR_1
50311,ponto_conexao,SFOR,1_SFOR_1
71521,ponto_conexao,SFOR,1_SFOR_1
71581,ponto_conexao,SFOR,1_SFOR_1
80441,ponto_conexao,SFOR,1_SFOR_1
51281,ponto_conexao,SFOR,1_SFOR_1
71511,ponto_conexao,SFOR,1_SFOR_1
71591,ponto_conexao,SFOR,1_SFOR_1
80451,ponto_conexao,SFOR,1_SFOR_1
51271,ponto_conexao,SFOR,1_SFOR_1
71501,ponto_conexao,SFOR,1_SFOR_1
71601,ponto_conexao,SFOR,1_SFOR_1
80461,ponto_conexao,SFOR,1_SFOR_1
51261,ponto_conexao,SFOR,1_SFOR_1
1CF536,ponto_conexao,SFOR,1_SFOR_1
71491,ponto_conexao,SFOR,1_SFOR_1
71611,ponto_conexao,SFOR,1_SFOR_1
1CF1030,ponto_conexao,SFOR,1_SFOR_1
80471,ponto_conexao,SFOR,1_SFOR_1
51251,ponto_conexao,SFOR,1_SFOR_1
50241,ponto_conexao,SFOR,1_SFOR_1
76451,ponto_conexao,SFOR,1_SFOR_1
71621,ponto_conexao,SFOR,1_SFOR_1
80472,ponto_conexao,SFOR,1_SFOR_1
50731,ponto_conexao,SFOR,1_SFOR_1
51241,ponto_conexao,SFOR,1_SFOR_1
50211,ponto_conexao,SFOR,1_SFOR_1
71482,ponto_conexao,SFOR,1_SFOR_1
71631,ponto_conexao,SFOR,1_SFOR_1
1CF526,ponto_conexao,SFOR,1_SFOR_1
50751,ponto_conexao,SFOR,1_SFOR_1
51231,ponto_conexao,SFOR,1_SFOR_1
71471,ponto_conexao,SFOR,1_SFOR_1
1CF539,ponto_conexao,SFOR,1_SFOR_1
50741,ponto_conexao,SFOR,1_SFOR_1
50761,ponto_conexao,SFOR,1_SFOR_1
51221,ponto_conexao,SFOR,1_SFOR_1
71461,ponto_conexao,SFOR,1_SFOR_1
71641,ponto_conexao,SFOR,1_SFOR_1
50771,ponto_conexao,SFOR,1_SFOR_1
51211,ponto_conexao,SFOR,1_SFOR_1
71451,ponto_conexao,SFOR,1_SFOR_1
50571,ponto_conexao,SFOR,1_SFOR_1
50781,ponto_conexao,SFOR,1_SFOR_1
78781,ponto_conexao,SFOR,1_SFOR_1
71441,ponto_conexao,SFOR,1_SFOR_1
1CF981,ponto_conexao,SFOR,1_SFOR_1
50791,ponto_conexao,SFOR,1_SFOR_1
1CF528,ponto_conexao,SFOR,1_SFOR_1
78771,ponto_conexao,SFOR,1_SFOR_1
78791,ponto_conexao,SFOR,1_SFOR_1
71431,ponto_conexao,SFOR,1_SFOR_1
50561,ponto_conexao,SFOR,1_SFOR_1
50801,ponto_conexao,SFOR,1_SFOR_1
51181,ponto_conexao,SFOR,1_SFOR_1
50061,ponto_conexao,SFOR,1_SFOR_1
78801,ponto_conexao,SFOR,1_SFOR_1
84351,ponto_conexao,SFOR,1_SFOR_1
1CF982,ponto_conexao,SFOR,1_SFOR_1
1CF527,ponto_conexao,SFOR,1_SFOR_1
1CF1011,ponto_conexao,SFOR,1_SFOR_1
1CF529,ponto_conexao,SFOR,1_SFOR_1
78811,ponto_conexao,SFOR,1_SFOR_1
84371,ponto_conexao,SFOR,1_SFOR_1
50581,ponto_conexao,SFOR,1_SFOR_1
50811,ponto_conexao,SFOR,1_SFOR_1
78751,ponto_conexao,SFOR,1_SFOR_1
50101,ponto_conexao,SFOR,1_SFOR_1
78821,ponto_conexao,SFOR,1_SFOR_1
1CF1066,ponto_conexao,SFOR,1_SFOR_1
50591,ponto_conexao,SFOR,1_SFOR_1
78741,ponto_conexao,SFOR,1_SFOR_1
78761,ponto_conexao,SFOR,1_SFOR_1
78831,ponto_conexao,SFOR,1_SFOR_1
84361,ponto_conexao,SFOR,1_SFOR_1
50551,ponto_conexao,SFOR,1_SFOR_1
50161,ponto_conexao,SFOR,1_SFOR_1
1CF531,ponto_conexao,SFOR,1_SFOR_1
51371,ponto_conexao,SFOR,1_SFOR_1
50181,ponto_conexao,SFOR,1_SFOR_1
78841,ponto_conexao,SFOR,1_SFOR_1
51381,ponto_conexao,SFOR,1_SFOR_1
50191,ponto_conexao,SFOR,1_SFOR_1
51361,ponto_conexao,SFOR,1_SFOR_1
51391,ponto_conexao,SFOR,1_SFOR_1
50201,ponto_conexao,SFOR,1_SFOR_1
51401,ponto_conexao,SFOR,1_SFOR_1
51121,ponto_conexao,SFOR,1_SFOR_1
51451,ponto_conexao,SFOR,1_SFOR_1
51131,ponto_conexao,SFOR,1_SFOR_1
51441,ponto_conexao,SFOR,1_SFOR_1
51141,ponto_conexao,SFOR,1_SFOR_1
51431,ponto_conexao,SFOR,1_SFOR_1
1CF532,ponto_conexao,SFOR,1_SFOR_1
51421,ponto_conexao,SFOR,1_SFOR_1
