algoritmo,representacao,vertices,arestas,tempo_mediana_ms,tempo_media_ms,memoria_bytes,repeticoes
BFS,lista,100,99,0.001100,0.002300,4224,7
BFS,matriz,100,99,0.024100,0.024714,10024,7
Componentes,lista,100,99,0.001600,0.001743,4224,7
Componentes,matriz,100,99,0.024500,0.024914,10024,7
DFS,lista,100,99,0.001400,0.001571,4224,7
DFS,matriz,100,99,0.023500,0.023657,10024,7
BFS,lista,500,499,0.005300,0.005571,20096,7
BFS,matriz,500,499,0.553800,0.553829,250024,7
Componentes,lista,500,499,0.006000,0.006357,20096,7
Componentes,matriz,500,499,0.551900,0.555314,250024,7
DFS,lista,500,499,0.006500,0.006629,20096,7
DFS,matriz,500,499,0.525900,0.532257,250024,7
BFS,lista,1000,999,0.012300,0.013171,40192,7
BFS,matriz,1000,999,2.189400,2.220100,1000024,7
Componentes,lista,1000,999,0.014000,0.015600,40192,7
Componentes,matriz,1000,999,2.192700,2.209200,1000024,7
DFS,lista,1000,999,0.015400,0.015900,40192,7
DFS,matriz,1000,999,2.111200,2.120286,1000024,7
