algoritmo,representacao,vertices,arestas,tempo_ms,memoria_bytes,repeticao
BFS,lista,100,99,0.009300,4224,1
BFS,matriz,100,99,0.024700,10024,1
DFS,lista,100,99,0.002500,4224,1
DFS,matriz,100,99,0.024300,10024,1
Componentes,lista,100,99,0.002500,4224,1
Componentes,matriz,100,99,0.024900,10024,1
BFS,lista,100,99,0.001400,4224,2
BFS,matriz,100,99,0.024100,10024,2
DFS,lista,100,99,0.001700,4224,2
DFS,matriz,100,99,0.023800,10024,2
Componentes,lista,100,99,0.001600,4224,2
Componentes,matriz,100,99,0.027000,10024,2
BFS,lista,100,99,0.001100,4224,3
BFS,matriz,100,99,0.024100,10024,3
DFS,lista,100,99,0.001500,4224,3
DFS,matriz,100,99,0.023600,10024,3
Componentes,lista,100,99,0.001700,4224,3
Componentes,matriz,100,99,0.024500,10024,3
BFS,lista,100,99,0.001100,4224,4
BFS,matriz,100,99,0.024100,10024,4
DFS,lista,100,99,0.001300,4224,4
DFS,matriz,100,99,0.023500,10024,4
Componentes,lista,100,99,0.001600,4224,4
Componentes,matriz,100,99,0.024500,10024,4
BFS,lista,100,99,0.001000,4224,5
BFS,matriz,100,99,0.024100,10024,5
DFS,lista,100,99,0.001300,4224,5
DFS,matriz,100,99,0.023400,10024,5
Componentes,lista,100,99,0.001600,4224,5
Componentes,matriz,100,99,0.024500,10024,5
BFS,lista,100,99,0.001100,4224,6
BFS,matriz,100,99,0.024000,10024,6
DFS,lista,100,99,0.001300,4224,6
DFS,matriz,100,99,0.023500,10024,6
Componentes,lista,100,99,0.001600,4224,6
Componentes,matriz,100,99,0.024500,10024,6
BFS,lista,100,99,0.001100,4224,7
BFS,matriz,100,99,0.027900,10024,7
DFS,lista,100,99,0.001400,4224,7
DFS,matriz,100,99,0.023500,10024,7
Componentes,lista,100,99,0.001600,4224,7
Componentes,matriz,100,99,0.024500,10024,7
BFS,lista,500,499,0.007800,20096,1
BFS,matriz,500,499,0.554600,250024,1
DFS,lista,500,499,0.008100,20096,1
DFS,matriz,500,499,0.528200,250024,1
Componentes,lista,500,499,0.007500,20096,1
Componentes,matriz,500,499,0.552000,250024,1
BFS,lista,500,499,0.005500,20096,2
BFS,matriz,500,499,0.556700,250024,2
DFS,lista,500,499,0.006900,20096,2
DFS,matriz,500,499,0.525900,250024,2
Componentes,lista,500,499,0.006200,20096,2
Componentes,matriz,500,499,0.551900,250024,2
BFS,lista,500,499,0.005300,20096,3
BFS,matriz,500,499,0.552000,250024,3
DFS,lista,500,499,0.006500,20096,3
DFS,matriz,500,499,0.571600,250024,3
Componentes,lista,500,499,0.007600,20096,3
Componentes,matriz,500,499,0.550900,250024,3
BFS,lista,500,499,0.005300,20096,4
BFS,matriz,500,499,0.553800,250024,4
DFS,lista,500,499,0.006700,20096,4
DFS,matriz,500,499,0.528500,250024,4
Componentes,lista,500,499,0.005900,20096,4
Componentes,matriz,500,499,0.572300,250024,4
BFS,lista,500,499,0.005100,20096,5
BFS,matriz,500,499,0.555400,250024,5
DFS,lista,500,499,0.006300,20096,5
DFS,matriz,500,499,0.523600,250024,5
Componentes,lista,500,499,0.006000,20096,5
Componentes,matriz,500,499,0.556300,250024,5
BFS,lista,500,499,0.005000,20096,6
BFS,matriz,500,499,0.551300,250024,6
DFS,lista,500,499,0.006000,20096,6
DFS,matriz,500,499,0.524100,250024,6
Componentes,lista,500,499,0.005700,20096,6
Componentes,matriz,500,499,0.551900,250024,6
BFS,lista,500,499,0.005000,20096,7
BFS,matriz,500,499,0.553000,250024,7
DFS,lista,500,499,0.005900,20096,7
DFS,matriz,500,499,0.523900,250024,7
Componentes,lista,500,499,0.005600,20096,7
Componentes,matriz,500,499,0.551900,250024,7
BFS,lista,1000,999,0.017200,40192,1
BFS,matriz,1000,999,2.189400,1000024,1
DFS,lista,1000,999,0.015400,40192,1
DFS,matriz,1000,999,2.106000,1000024,1
Componentes,lista,1000,999,0.018000,40192,1
Componentes,matriz,1000,999,2.181200,1000024,1
BFS,lista,1000,999,0.012300,40192,2
BFS,matriz,1000,999,2.399600,1000024,2
DFS,lista,1000,999,0.018900,40192,2
DFS,matriz,1000,999,2.134200,1000024,2
Componentes,lista,1000,999,0.017000,40192,2
Componentes,matriz,1000,999,2.189400,1000024,2
BFS,lista,1000,999,0.013000,40192,3
BFS,matriz,1000,999,2.183800,1000024,3
DFS,lista,1000,999,0.016000,40192,3
DFS,matriz,1000,999,2.112600,1000024,3
Componentes,lista,1000,999,0.014000,40192,3
Componentes,matriz,1000,999,2.192700,1000024,3
BFS,lista,1000,999,0.011900,40192,4
BFS,matriz,1000,999,2.188000,1000024,4
DFS,lista,1000,999,0.015200,40192,4
DFS,matriz,1000,999,2.166200,1000024,4
Componentes,lista,1000,999,0.021200,40192,4
Componentes,matriz,1000,999,2.228200,1000024,4
BFS,lista,1000,999,0.012200,40192,5
BFS,matriz,1000,999,2.196900,1000024,5
DFS,lista,1000,999,0.016000,40192,5
DFS,matriz,1000,999,2.108400,1000024,5
Componentes,lista,1000,999,0.013000,40192,5
Componentes,matriz,1000,999,2.199600,1000024,5
BFS,lista,1000,999,0.011600,40192,6
BFS,matriz,1000,999,2.186100,1000024,6
DFS,lista,1000,999,0.014600,40192,6
DFS,matriz,1000,999,2.103400,1000024,6
Componentes,lista,1000,999,0.013000,40192,6
Componentes,matriz,1000,999,2.284200,1000024,6
BFS,lista,1000,999,0.014000,40192,7
BFS,matriz,1000,999,2.196900,1000024,7
DFS,lista,1000,999,0.015200,40192,7
DFS,matriz,1000,999,2.111200,1000024,7
Componentes,lista,1000,999,0.013000,40192,7
Componentes,matriz,1000,999,2.189100,1000024,7
